T,AX,AY,AZ,GX,GY,GZ
181000.0,-19.27,-3.96,0.87,-0.31,0.07,-0.07
183500.0,-19.61,-4.19,0.96,0.33,0.08,0.19
183700.0,-10.92,-2.7,8.9,0.78,0.25,0.07
184000.0,-10.64,-2.54,6.82,4.37,2.76,3.93
185000.0,-9.19,4.42,6.39,0.46,0.7,-0.45
186000.0,-16.77,4.5,6.33,0.61,1.12,-0.49
187200.0,-19.61,1.3,0.78,0.06,-1.85,0.94
188200.0,-19.47,1.3,1.65,0.35,-0.34,0.16
189000.0,-19.61,1.92,2.16,-0.13,-0.51,0.19
190000.0,-19.34,2.07,2.77,0.01,-0.15,0.16
191000.0,-18.94,-0.84,-2.9,0.35,-1.27,0.97
192000.0,-19.61,-0.18,-1.58,0.2,1.12,-0.49
193000.0,-19.61,0.05,-0.91,-0.14,1.56,-0.8
194000.0,-18.47,-0.04,-1.59,-0.16,-2.32,2.21
195000.0,-19.61,2.55,0.65,0.02,-1.1,0.79
196000.0,-19.61,-1.44,-0.87,-0.04,-0.41,0.46
197100.0,-18.76,-0.67,-3.84,0.05,0.52,-0.34
198300.0,-19.61,-1.63,-3.92,0.26,-0.07,0.4
199000.0,-19.18,-1.98,-1.82,0.39,0.11,0.24
200000.0,-17.51,0.16,-1.09,-0.1,0.59,-0.01
201100.0,-19.61,-2.35,-2.67,-0.11,-0.48,0.1
202100.0,-19.61,-0.07,2.07,0.28,-1.16,0.08
203100.0,-17.83,-1.89,5.05,0.37,0.41,-0.11
204100.0,-19.61,1.28,2.4,-0.14,0.11,0.11
205200.0,-19.55,2.52,4.58,-0.36,-0.11,-0.02
206100.0,-13.14,2.67,10.74,-0.57,-0.17,0.21
207100.0,-14.5,3.99,7.78,0.54,-0.54,-0.67
208100.0,-18.98,1.48,-3.45,-2.49,0.93,-1.1
209100.0,-19.61,2.92,-3.1,0.14,-0.47,0.01
210100.0,-16.06,5.61,-2.1,0.37,0.82,-0.55
211100.0,-16.82,7.06,-2.95,-0.99,-0.06,-1.01
212100.0,-18.57,4.58,-3.6,0.09,0.17,-0.12
213100.0,-18.73,5.19,-3.19,-1.16,-0.47,0.56
214100.0,-19.61,3.62,-0.66,-0.74,-0.55,-1.09
215100.0,-18.3,3.21,3.2,1.08,1.81,0.66
216100.0,-19.57,2.07,-0.47,-0.66,-0.97,0.2
217100.0,-16.42,-0.78,-8.51,0.47,-1.2,-0.3
218100.0,-19.33,3.45,-2.36,-0.11,-0.05,-0.05
221500.0,-19.61,1.81,-0.89,0.46,-0.66,0.43
221700.0,-14.68,6.91,4.1,-0.38,-0.27,-0.05
221700.0,-19.53,1.32,-4.15,-0.05,0.59,0.24
222100.0,-19.61,1.75,-2.4,-0.07,-0.3,-0.16
223100.0,-19.61,0.32,-1.87,-0.27,0.61,-0.06
224100.0,-19.46,-0.54,-4.34,-0.42,0.79,-0.48
225200.0,-19.61,1.34,-0.86,-0.16,0.03,-0.07
226100.0,-19.61,0.19,-3.77,0.3,0.36,0.42
227100.0,-18.84,4.8,0.27,-0.33,-0.36,0.52
228200.0,-19.13,6.03,0.47,-0.12,0.01,0.09
229200.0,-17.75,6.16,1.76,-0.04,0.0,-0.09
230200.0,-18.83,1.0,-6.65,0.01,1.11,-0.74
231200.0,-17.28,1.03,-7.66,-0.13,-0.38,0.24
232200.0,-19.09,3.6,-3.67,-0.15,-0.31,0.14
233200.0,-17.84,4.83,-1.71,-0.1,-0.73,0.45
234200.0,-18.18,5.51,-1.45,0.01,-0.54,0.27
235200.0,-17.31,5.97,-0.07,0.27,0.8,-0.54
236200.0,-19.57,6.0,-0.94,-0.37,-1.28,0.93
237200.0,-17.14,7.01,0.04,0.07,0.36,-0.24
238200.0,-17.34,6.57,1.38,0.21,2.31,-2.42
239200.0,-17.33,6.22,1.0,-0.01,-0.39,0.3
240200.0,-17.65,5.91,1.55,-0.06,-0.08,0.03
241200.0,-18.09,5.76,0.96,-0.07,-0.08,0.03
242200.0,-19.61,5.38,-2.04,-0.29,-0.67,0.2
243200.0,-13.75,7.49,3.37,0.15,-1.69,1.9
244200.0,-17.73,6.2,-1.02,0.11,0.96,-0.91
245300.0,-17.42,2.85,-3.81,0.09,1.06,-1.39
246200.0,-17.86,6.03,-2.9,0.17,1.89,-2.04
247200.0,-18.08,3.21,-3.19,-0.09,-0.34,-0.06
248300.0,-8.68,-6.95,19.61,2.08,4.02,1.04
249300.0,-16.72,1.67,0.08,-3.48,1.08,-1.32
250200.0,-10.48,6.06,6.11,-0.43,-0.21,0.11
251300.0,-19.61,0.41,-0.16,1.8,-0.24,3.5
252200.0,-5.17,4.12,-8.09,-0.32,-0.29,0.04
253300.0,-3.45,5.34,-6.68,-0.15,-0.52,0.34
254300.0,-5.56,4.77,-7.4,-0.12,0.1,-0.3
255300.0,-7.42,6.71,7.18,-0.27,-0.8,0.28
256300.0,-7.14,8.34,-3.15,0.72,0.04,0.44
257300.0,-10.78,8.98,0.83,-1.03,-0.27,0.08
258300.0,-5.58,7.96,4.89,1.6,0.07,-2.52
259300.0,-12.64,9.45,3.06,-0.09,-0.17,-0.41
260300.0,-18.3,3.69,7.14,0.87,4.23,1.4
261300.0,-19.54,4.5,-1.81,-0.05,0.04,-0.14
262300.0,-18.29,5.32,-0.99,-0.02,0.15,-0.18
263300.0,-15.58,7.33,0.86,-0.04,-0.37,0.44
264300.0,-16.51,6.75,-1.23,-0.02,-0.27,-0.05
265300.0,-15.69,6.2,-0.96,-0.33,-1.17,1.25
266300.0,-15.42,8.03,0.26,0.88,3.1,-3.18
267300.0,-14.03,7.5,0.68,0.7,2.72,-3.0
268300.0,-15.96,6.09,-2.26,-0.01,3.34,-3.73
269300.0,-18.6,5.04,-2.47,0.65,2.8,-2.87
270300.0,-19.61,5.37,-1.34,0.75,2.18,-2.03
271400.0,-18.61,5.6,-2.56,-0.03,2.0,-1.98
272300.0,-12.07,8.79,1.36,0.54,1.09,-1.11
273300.0,-18.45,3.26,-4.62,0.01,-0.29,0.05
274300.0,-18.94,3.09,-4.07,-0.15,-0.07,-0.02
275300.0,-18.64,5.26,-1.95,-0.48,-0.75,0.69
276400.0,-8.92,8.86,3.28,0.79,1.95,-1.56
277400.0,-19.38,3.74,-3.35,0.22,1.53,-1.3
278400.0,-19.61,3.89,-2.85,0.06,-0.25,0.0
279400.0,-18.43,0.88,-6.4,-0.44,-0.23,0.03
280400.0,-19.61,2.44,-3.65,-0.18,-0.82,0.47
281400.0,-19.16,4.13,-1.42,-0.14,-0.92,0.65
282400.0,-13.89,7.96,3.08,0.02,-1.15,1.31
283400.0,-19.61,5.09,-1.76,0.13,0.15,-0.37
284400.0,-19.59,3.29,-3.58,-0.21,-0.93,0.85
285400.0,-18.63,5.91,-2.47,-0.19,-0.12,-0.15
286400.0,-19.09,1.6,-4.22,-0.57,-1.51,1.21
287400.0,-18.27,1.45,-5.53,-0.08,-0.2,0.03
288400.0,-18.65,1.78,-4.89,-0.03,0.41,-0.31
289400.0,-18.49,0.82,-5.86,-0.07,-0.01,-0.01
290400.0,-19.38,1.64,-5.01,-0.21,-0.26,0.18
291400.0,-17.47,6.05,1.51,-0.03,-0.47,0.36
292400.0,-17.58,7.16,-0.03,0.05,0.26,-0.66
293400.0,-19.61,5.02,-2.08,-0.41,-1.71,1.22
294400.0,-18.02,5.11,-3.06,-0.14,-0.04,-0.23
295400.0,-19.61,1.67,-4.96,0.31,0.82,-0.55
296400.0,-19.44,2.87,-3.69,-0.21,-1.26,0.75
297400.0,-13.27,8.32,3.86,0.04,-0.43,0.18
298400.0,-18.37,4.03,-3.42,-0.02,1.77,-1.8
299400.0,-11.84,7.98,2.76,0.72,2.28,-1.22
300400.0,-17.9,2.21,-5.15,-0.41,-1.1,0.42
301400.0,-14.5,-2.04,8.46,-0.02,-0.75,-0.13
302500.0,-15.94,-0.29,5.67,1.23,0.68,-0.19
303500.0,-16.1,1.51,7.41,-0.32,-0.2,-0.06
304500.0,-14.92,3.72,2.77,-2.3,1.91,0.18
305500.0,-18.77,4.79,-2.98,0.02,-0.25,0.06
306500.0,-19.03,4.52,-1.75,0.08,0.81,-0.5
307500.0,-19.06,2.61,-4.67,-0.08,-0.02,-0.04
308500.0,-17.91,5.55,0.06,-0.29,-2.54,1.59
309500.0,-19.61,7.6,-0.94,-0.44,-1.88,0.95
310500.0,-19.61,2.46,-5.01,-0.71,-0.24,-0.13
311500.0,-9.65,9.18,2.92,0.63,1.56,-0.42
312700.0,-19.43,0.51,-7.39,-0.42,-2.39,1.58
313500.0,-18.81,2.77,-4.08,-0.02,0.03,0.08
314500.0,-19.38,3.46,-3.51,-0.2,-0.95,0.59
315500.0,-12.96,8.14,3.77,-0.22,-1.03,0.68
316500.0,-18.65,4.9,-2.28,0.43,1.66,-1.62
318800.0,-14.19,7.06,1.75,-0.62,-2.69,1.75
319100.0,-17.55,0.88,-7.12,-0.15,1.23,-1.64
319500.0,-18.73,2.44,-4.26,0.13,0.08,-0.19
320500.0,-19.1,4.36,-1.96,-0.41,-1.49,0.99
321500.0,-15.01,8.14,0.89,0.51,1.91,-1.87
322500.0,-18.24,4.17,-3.3,-0.27,-1.53,1.27
323500.0,-17.28,5.88,-1.89,0.13,1.34,-1.43
324500.0,-18.76,3.31,-3.99,0.12,0.32,-0.32
325500.0,-18.82,4.23,-1.89,0.03,-0.78,0.72
326900.0,-12.65,8.91,2.41,0.97,2.56,-1.77
327600.0,-19.46,3.68,-3.34,-0.12,-0.82,0.55
328600.0,-17.41,7.02,-0.86,0.22,1.27,-1.39
329600.0,-18.87,2.73,-3.55,-0.19,-0.62,0.45
330600.0,-19.21,2.35,-4.71,0.19,0.44,-0.29
331600.0,-18.9,1.99,-4.74,-0.13,-0.14,0.02
332600.0,-18.67,1.15,-5.98,-0.23,-0.36,0.07
333600.0,-17.94,-0.64,-7.37,-0.16,-0.97,0.65
334600.0,-19.09,4.16,-1.67,-0.24,-1.26,1.02
335700.0,-17.18,7.37,-1.05,-0.12,0.41,-0.96
336600.0,-19.0,4.68,-1.12,-0.29,-1.6,1.26
337600.0,-17.98,4.36,-2.99,-0.13,0.91,-1.09
338600.0,-18.91,3.45,-4.21,0.04,-0.34,0.39
339600.0,-18.43,2.74,-4.11,-0.34,-0.71,0.42
340600.0,-12.7,8.85,1.95,1.0,2.46,-1.8
341600.0,-18.5,4.26,-3.1,-0.23,-1.39,1.13
342600.0,-18.15,6.01,-1.77,-0.12,1.56,-1.55
343600.0,-17.89,3.5,-2.86,0.21,0.28,-0.14
344600.0,-19.5,4.0,-1.92,-0.22,-1.19,0.75
345600.0,-18.01,8.0,-2.12,0.26,1.42,-1.74
346600.0,-18.16,4.82,-2.39,-0.35,-1.94,1.53
347600.0,-17.85,5.32,-3.25,0.11,0.75,-1.07
348600.0,-19.04,2.59,-4.69,0.1,0.31,-0.2
349600.0,-15.52,7.33,2.0,-0.17,-2.5,1.82
350600.0,-18.44,6.36,-1.32,-0.38,-1.01,0.65
351600.0,-17.8,4.17,-2.4,0.35,2.49,-2.99
352700.0,-19.39,6.78,0.85,-0.88,-4.08,3.12
353700.0,-16.9,3.93,-2.13,0.17,-0.14,-0.02
354700.0,-18.85,4.02,-2.9,0.48,1.36,-0.93
355700.0,-18.63,1.58,-5.89,-0.1,-0.34,0.23
356700.0,-18.46,1.53,-6.1,-0.28,-0.08,-0.14
357700.0,-12.41,8.22,4.16,0.14,-0.67,0.49
358700.0,-18.67,1.71,-5.83,0.39,1.26,-1.57
359700.0,-18.52,6.17,-2.11,0.06,1.07,-1.25
360700.0,-18.17,2.98,-4.14,0.14,0.31,-0.28
361700.0,-18.71,1.88,-4.57,0.03,-1.86,1.1
362700.0,-19.33,1.3,-5.59,-0.05,0.13,-0.13
363700.0,-18.78,1.09,-6.03,-0.27,-0.83,0.57
364700.0,-18.8,2.11,-4.84,-0.3,-0.48,0.22
365700.0,-12.86,8.42,4.58,-0.03,-0.1,0.15
366700.0,-15.06,4.56,-1.41,0.25,2.21,-2.67
367700.0,-13.97,6.97,1.83,-0.63,-2.81,2.04
368700.0,-16.32,0.5,-5.84,0.25,2.8,-2.94
369700.0,-19.34,4.2,-4.12,0.59,3.64,-3.71
370700.0,-19.3,3.81,-1.8,-0.22,-0.84,0.42
371700.0,-19.61,2.2,-4.24,-0.53,-1.18,0.51
372700.0,-12.77,7.94,4.21,0.39,-0.86,1.21
373700.0,-19.61,2.65,-5.15,-0.04,2.25,-2.03
374700.0,-13.84,8.62,1.05,0.83,2.56,-2.43
375700.0,-16.78,-1.78,-8.85,0.02,1.3,-1.16
376800.0,-18.85,4.86,-1.73,0.13,0.94,-1.03
377800.0,-9.11,8.56,2.24,0.36,0.88,0.33
378800.0,-18.69,2.54,-4.52,-0.06,-0.14,0.03
379800.0,-18.8,2.51,-4.74,-0.05,-0.1,0.04
380800.0,-18.67,1.99,-4.82,-0.17,0.15,-0.38
381800.0,-18.22,1.72,-5.69,-0.11,-0.2,0.05
382800.0,-18.79,3.9,-1.47,-0.1,-0.13,0.04
383800.0,-18.87,3.68,-4.32,-0.45,-3.77,2.53
384800.0,-18.26,1.37,-6.38,-0.04,-0.21,-0.07
385800.0,-19.61,6.06,1.07,-0.21,-2.36,1.5
386800.0,-17.67,7.98,-0.09,-0.03,0.44,-1.22
387800.0,-19.61,4.59,-2.68,-0.3,-1.07,0.9
388800.0,-17.59,5.7,-2.34,0.18,0.43,-0.85
389800.0,-16.85,7.97,-1.93,0.42,1.94,-1.84
390800.0,-19.01,1.89,-5.53,0.35,1.65,-1.8
391800.0,-10.03,7.98,0.4,0.72,1.26,-0.5
392800.0,-18.12,3.83,-0.31,-0.16,-4.37,4.37
393800.0,-18.61,2.5,-5.38,0.18,-0.04,-0.23
394900.0,-18.23,7.01,3.56,0.04,-1.42,1.17
395800.0,-17.88,4.29,-3.34,0.24,1.51,-1.54
396800.0,-9.14,8.64,3.08,1.09,0.69,0.59
397900.0,-18.87,1.89,-5.04,-0.73,-4.11,3.16
398800.0,-16.34,1.8,-5.48,0.34,1.82,-2.14
399800.0,-16.77,5.65,-1.41,0.02,2.07,-2.13
400800.0,-11.23,7.04,1.39,0.08,-1.95,3.3
401800.0,-19.32,2.9,-5.32,0.11,1.47,-1.27
402900.0,-17.53,1.39,-7.02,-0.25,-0.24,0.02
403900.0,-18.65,1.96,-6.16,0.09,0.25,-0.25
404900.0,-19.57,3.96,-2.17,-0.04,-0.98,0.72
405900.0,-12.98,8.61,3.75,0.02,-0.23,0.35
406900.0,-18.0,2.66,-5.0,0.06,0.9,-0.97
407900.0,-15.57,7.19,2.24,-0.16,-1.21,1.01
408900.0,-16.48,1.88,-7.22,0.51,0.25,-1.27
409900.0,-18.38,4.98,-2.39,0.12,1.02,-1.25
410900.0,-18.33,4.05,-2.33,-0.41,-3.38,2.65
411900.0,-18.33,-1.38,-7.48,0.22,2.32,-2.29
412900.0,-19.25,1.4,-7.23,-0.12,0.66,-0.69
413900.0,-17.76,1.23,-6.74,-0.08,-0.11,0.01
414900.0,-19.61,0.87,-6.17,0.02,-1.37,0.76
416000.0,-17.87,2.29,-6.31,-0.1,0.18,-0.25
416900.0,-19.26,4.11,-2.55,-0.32,-1.5,0.69
417900.0,-18.1,6.43,-2.32,0.15,0.92,-1.2
419100.0,-18.57,4.52,-2.1,-0.2,-0.66,0.23
419900.0,-18.6,4.65,-2.14,0.22,0.74,-0.62
420900.0,-18.63,5.77,1.16,-0.11,-1.33,0.87
421900.0,-15.58,0.84,-5.82,0.01,-0.08,-0.33
422900.0,-14.75,4.59,-0.12,-0.57,-3.92,3.86
424100.0,-19.41,1.55,-5.09,-0.36,-2.94,2.2
425000.0,-18.79,1.86,-5.89,-0.25,-0.27,0.08
426200.0,-19.61,6.05,1.95,-0.15,-1.55,1.18
426900.0,-17.81,3.43,-4.12,0.16,1.71,-1.69
428000.0,-15.89,6.91,-0.95,0.72,3.39,-2.85
429000.0,-14.6,7.21,1.82,-0.25,-1.24,1.54
430000.0,-19.61,-1.67,-7.94,-0.13,-1.42,1.53
431000.0,-18.16,1.99,-6.02,-0.1,-0.11,-0.05
432000.0,-18.45,1.95,-6.04,-0.12,-0.26,0.08
433000.0,-18.41,3.58,-3.08,-0.22,-0.68,0.39
434000.0,-13.18,8.27,5.26,1.11,-0.13,0.67
435000.0,-17.48,1.76,-5.65,-0.49,-1.29,1.22
436000.0,-18.91,5.88,-2.76,0.28,1.62,-1.56
437100.0,-19.61,2.14,-5.49,-0.23,-3.33,2.83
438000.0,-18.15,3.28,-5.44,0.26,1.3,-1.68
439000.0,-19.21,0.58,-6.75,0.07,0.57,-0.48
440000.0,-19.26,3.59,-2.68,0.06,0.09,0.03
441000.0,-19.11,1.03,-6.48,0.17,1.29,-1.18
442000.0,-13.3,7.68,2.85,-0.01,1.05,-0.81
443000.0,-19.61,6.48,-2.24,0.42,1.43,-1.46
444000.0,-19.33,0.49,-6.09,-1.02,-4.37,4.37
445000.0,-19.61,2.03,-4.7,-0.5,-2.36,1.93
446000.0,-15.35,-0.14,-9.43,0.11,0.48,-1.65
447000.0,-18.16,0.87,-6.85,-0.14,-0.44,0.22
448000.0,-19.41,5.69,-1.17,-0.47,-1.17,0.84
449000.0,-16.07,5.14,-0.71,0.32,1.65,-1.14
450000.0,-14.1,7.92,2.91,1.09,-0.56,2.15
451000.0,-16.87,1.11,-4.18,-0.67,-3.75,3.71
452100.0,-17.84,5.73,-0.15,-0.84,-1.72,1.82
453100.0,-19.09,-2.29,-9.82,-0.41,1.46,-1.67
454100.0,-17.66,0.34,-6.77,-0.09,-0.4,0.18
455100.0,-18.02,2.23,-4.82,-0.19,0.63,-0.67
456100.0,-19.61,2.41,-4.61,-0.31,-2.5,1.82
457100.0,-12.73,7.56,-0.36,1.15,4.19,-3.08
458100.0,-11.76,7.9,-0.18,0.71,3.45,-3.05
459100.0,-17.06,7.11,-2.43,0.55,2.06,-2.22
460100.0,-17.27,1.83,-6.23,0.51,0.84,-0.67
461100.0,-18.17,3.05,-4.34,0.11,-0.17,0.26
462500.0,-18.91,2.07,-6.0,-0.01,-0.07,0.12
463100.0,-18.45,5.23,-2.93,-0.14,-1.34,1.03
464100.0,-18.8,3.45,-5.65,-0.2,0.76,-0.72
465100.0,-12.64,7.5,-0.61,-0.59,-1.83,1.18
466100.0,-19.61,7.06,-1.52,0.0,0.71,-0.94
467100.0,-18.19,2.33,-4.97,-0.18,-1.14,1.02
468100.0,-17.23,1.63,-7.09,-0.26,-0.07,0.03
469100.0,-17.62,0.86,-6.64,-0.21,-0.09,-0.09
470100.0,-18.27,0.46,-6.85,0.15,0.42,-0.75
471100.0,-19.16,2.75,-4.34,0.12,0.05,-0.03
472100.0,-17.85,6.2,-0.66,-0.66,-2.22,1.66
473100.0,-17.37,6.64,-1.23,-0.01,0.03,-0.03
474100.0,-18.44,5.39,-1.21,-0.28,0.42,-0.79
475100.0,-19.61,3.46,-3.56,-0.7,-3.81,3.12
476100.0,-17.89,1.35,-6.85,-0.05,-0.05,-0.13
477900.0,-17.95,1.06,-6.97,-0.43,-1.88,1.35
478200.0,-15.78,6.93,3.39,0.29,-1.27,1.02
482000.0,-13.26,4.38,-2.2,-0.05,-0.24,0.38
482200.0,-18.77,5.66,-3.22,0.01,0.26,-0.62
482200.0,-19.61,2.46,-5.0,0.07,1.25,-1.15
482200.0,-17.71,0.2,-8.05,0.34,2.01,-1.64
483200.0,-18.72,3.73,-4.6,0.13,1.01,-1.26
486500.0,-16.61,4.26,-4.14,0.24,4.37,-4.37
486800.0,-17.77,1.35,-6.63,-0.05,-0.1,-0.08
486800.0,-17.78,0.97,-6.75,-0.05,0.0,-0.01
487200.0,-18.31,1.38,-6.52,-0.25,-0.43,0.21
488200.0,-18.05,5.14,-1.75,0.22,0.79,-0.8
489200.0,-18.07,0.84,-6.71,-0.08,-0.06,-0.03
490200.0,-19.61,3.76,-3.21,-0.33,-2.34,1.62
491200.0,-16.58,4.75,-2.69,0.2,1.36,-1.9
492200.0,-17.25,4.56,-4.99,-0.11,0.08,-0.76
493200.0,-14.64,6.55,-1.39,0.3,1.65,-1.33
494200.0,-17.28,0.16,-7.72,-0.32,-0.27,0.14
495200.0,-18.29,1.45,-6.57,0.05,-0.31,0.16
496300.0,-11.31,8.57,-0.31,0.41,2.44,-1.9
497200.0,-17.81,1.75,-6.35,0.04,-0.1,-0.08
498200.0,-17.76,1.06,-6.76,0.03,-0.11,-0.04
499200.0,-16.77,5.6,-0.76,-0.4,-2.69,1.99
500200.0,-17.71,3.69,-3.39,0.6,2.67,-3.02
501200.0,-18.5,3.47,-4.84,0.26,1.28,-1.95
502300.0,-18.01,4.39,-6.86,0.32,0.67,-2.02
505100.0,-13.78,6.38,-0.7,-0.09,-1.88,3.12
505300.0,-19.36,1.13,-6.21,-0.34,-3.28,2.75
505600.0,-19.36,2.91,-6.17,0.28,1.41,-1.35
506300.0,-18.31,4.39,-3.6,-0.23,-1.03,0.75
507300.0,-16.98,4.55,-4.27,0.26,1.03,-2.04
508300.0,-16.45,7.98,0.39,0.73,1.85,-1.62
509300.0,-13.05,6.06,-0.16,-0.15,-2.22,3.16
510300.0,-17.14,-0.71,-9.25,-0.21,-1.49,0.92
511300.0,-15.33,0.08,-10.31,0.2,0.62,-1.22
512299.99999999994,-15.71,5.86,-0.67,-0.73,-2.9,0.6
513299.99999999994,-18.17,2.3,-6.23,-0.1,-0.11,-0.04
514299.99999999994,-19.0,3.35,-4.06,0.0,-0.74,0.62
515299.99999999994,-18.91,6.64,-1.84,0.38,1.69,-2.3
516299.99999999994,-14.08,8.64,1.47,0.44,1.42,-0.86
517299.99999999994,-18.0,2.98,-5.19,-0.8,-4.27,3.36
518299.99999999994,-16.09,-1.0,-9.93,-0.23,0.61,-0.83
519299.99999999994,-17.04,5.96,1.81,0.05,-3.02,3.17
520299.99999999994,-16.87,3.35,-3.94,-0.99,-4.37,4.37
521400.0,-17.56,2.42,-6.75,0.04,0.53,-0.7
522299.99999999994,-18.17,2.07,-6.12,-0.16,-0.94,0.62
523299.99999999994,-15.52,8.48,1.96,0.13,-0.39,0.25
524300.0,-19.61,-0.28,-8.88,-0.01,0.19,-0.07
525400.0,-18.35,4.89,-3.12,-0.09,0.94,-0.89
526400.0,-13.76,8.4,1.45,0.41,-0.17,1.01
527400.0,-16.89,-0.32,-7.78,-0.27,-2.99,2.66
528400.0,-18.1,4.83,-3.82,-0.12,-0.09,0.0
529400.0,-19.61,-0.51,-7.35,0.29,-2.3,1.81
530400.0,-18.71,3.73,-4.5,-0.13,4.37,-4.37
531400.0,-18.67,2.11,-5.98,-0.31,-0.65,0.38
532400.0,-18.59,3.8,-4.02,-0.2,-1.16,1.01
533400.0,-17.03,4.16,-3.17,0.28,2.21,-3.26
534400.0,-18.11,6.25,-3.06,0.14,1.37,-1.44
537000.0,-17.47,6.19,-2.75,-0.07,1.03,-1.12
537200.0,-13.31,7.81,1.09,-0.22,-0.8,1.54
537400.0,-17.51,-1.64,-11.19,-0.92,-1.25,0.85
538400.0,-18.16,1.78,-6.11,-0.04,-0.33,0.1
541000.0,-19.59,2.54,-4.42,-0.09,-0.88,0.65
541200.0,-18.84,5.13,-0.51,-0.09,-0.09,-0.02
541400.0,-13.95,7.98,0.23,0.09,3.13,-2.86
542500.0,-18.52,2.82,-5.27,0.05,-0.2,-0.1
543400.0,-18.38,2.4,-5.41,-0.11,-0.08,0.02
544400.0,-18.3,2.21,-5.66,-0.06,0.32,-0.2
545400.0,-18.13,1.65,-6.29,-0.16,-0.68,0.39
546400.0,-9.66,8.5,0.94,0.88,0.85,-0.43
547400.0,-14.09,8.63,1.95,0.17,0.15,0.42
548400.0,-19.61,-0.67,-8.83,-0.26,-2.18,1.84
549400.0,-17.78,3.37,-4.86,-0.04,1.59,-1.59
550400.0,-13.74,7.52,-0.04,0.15,-0.06,0.98
551400.0,-15.01,-0.45,-8.63,0.04,-3.44,2.79
552500.0,-17.86,1.76,-6.81,-0.03,0.0,-0.02
553500.0,-14.74,9.57,3.56,0.72,-0.29,0.67
554500.0,-16.13,-1.64,-8.39,-0.92,-4.37,4.37
555500.0,-16.41,0.24,-5.71,0.47,2.57,-2.67
556500.0,-10.7,9.47,1.54,0.59,1.28,-0.17
557500.0,-19.56,1.99,-5.48,-0.58,-3.54,2.75
558500.0,-16.63,6.45,-1.73,0.46,0.23,-0.31
559500.0,-17.69,6.17,-1.43,-0.48,-2.1,2.45
560500.0,-14.23,7.85,2.33,-0.17,-1.29,-0.21
561500.0,-15.59,5.77,-1.12,0.24,4.01,-3.75
562500.0,-18.8,3.81,-3.67,-0.19,-1.51,1.1
563700.0,-15.9,8.95,-0.38,0.73,1.98,-2.16
564500.0,-19.61,-2.18,-9.41,-0.86,-4.37,4.37
565500.0,-19.61,4.9,-3.51,-0.44,-2.82,2.1
566500.0,-15.75,-0.6,-8.88,0.36,2.41,-2.7
567600.0,-17.95,0.82,-7.68,-0.08,0.09,-0.2
568800.0,-18.28,0.91,-8.0,0.03,0.38,-0.5
569500.0,-19.61,6.3,-1.67,-0.55,-1.23,0.83
570500.0,-14.23,7.23,1.24,-0.09,-0.05,0.19
571500.0,-19.57,6.12,-2.86,-0.03,0.22,-0.79
572500.0,-17.96,4.97,-2.21,-0.48,-2.3,2.41
573500.0,-17.18,4.59,-1.72,0.46,2.81,-3.29
574600.0,-16.9,-1.4,-7.37,-0.35,-0.6,0.55
575600.0,-18.36,4.09,-4.57,0.04,0.85,-0.78
576700.0,-18.2,1.99,-6.08,0.27,1.03,-0.74
577600.0,-19.29,4.35,-2.71,-0.14,-2.78,1.9
578600.0,-15.38,8.81,2.5,0.91,-0.03,1.65
579600.0,-16.88,-1.46,-7.64,-0.22,-2.56,2.52
580600.0,-16.59,1.04,-6.22,-0.25,0.48,-0.77
581600.0,-18.69,4.0,-2.85,-0.71,-3.94,3.4
582600.0,-19.61,3.33,-4.95,-0.75,-4.23,3.9
583700.0,-18.04,-0.9,-9.12,-0.3,-4.37,3.74
584600.0,-16.99,0.7,-9.56,0.32,2.32,-1.83
585600.0,-19.61,2.2,-7.15,-0.05,-1.02,0.93
586600.0,-17.28,5.42,-3.28,-0.04,-0.26,0.11
589000.0,-16.07,4.01,-4.31,0.16,0.87,-0.69
589300.0,-15.51,0.0,-7.68,0.36,2.18,-2.01
589600.0,-17.19,2.1,-5.56,-1.22,-4.37,4.37
590600.0,-19.61,3.88,-2.78,1.14,3.01,-3.02
591600.0,-14.48,5.63,-0.13,0.05,-2.79,4.1
592600.0,-18.38,6.48,-1.99,-0.07,-0.08,0.13
593600.0,-10.69,9.49,1.74,0.69,0.01,1.07
594600.0,-16.8,6.52,-2.06,0.11,2.36,-2.29
595700.0,-19.61,3.44,-2.81,0.86,2.86,-1.44
596600.0,-17.89,0.85,-7.07,0.25,1.46,-1.79
597700.0,-19.2,2.03,-5.46,-0.04,-0.55,0.29
598600.0,-17.2,0.13,-7.38,-0.17,0.15,-0.25
599600.0,-18.96,4.93,-1.53,-0.02,-1.31,1.06
600600.0,-18.32,6.6,-1.77,0.08,1.77,-1.97
601700.0,-18.53,5.41,-3.11,-0.65,-3.41,2.74
603000.0,-18.37,3.2,-3.63,0.23,1.21,-1.37
603700.0,-18.62,1.45,-5.83,-0.06,0.08,-0.09
604700.0,-19.5,1.94,-5.47,-0.13,-0.97,0.52
605700.0,-18.88,1.89,-5.44,-0.2,-0.34,0.11
606700.0,-17.17,6.97,1.14,-0.43,-2.6,1.98
607700.0,-19.61,2.35,-6.74,-0.36,1.22,-1.37
608700.0,-16.37,7.19,0.78,0.02,1.56,-1.63
609700.0,-18.17,1.2,-6.6,0.61,-0.75,-0.46
610700.0,-18.53,2.07,-5.17,-0.07,-0.06,0.0
611700.0,-19.33,4.15,-2.26,-0.23,-1.1,0.69
612700.0,-19.01,3.83,-4.29,0.35,1.5,-1.68
613700.0,-9.95,8.06,2.95,0.54,0.85,0.21
614700.0,-18.56,2.94,-3.72,-0.05,-0.49,0.39
615700.0,-18.68,3.85,-2.9,-0.14,-0.77,0.61
618600.0,-19.03,5.37,-2.04,0.29,1.3,-1.43
618600.0,-11.68,8.95,3.74,0.3,0.31,0.27
618900.0,-17.4,0.21,-7.82,-0.49,-1.76,1.41
619700.0,-18.73,1.79,-5.7,-0.29,-0.32,0.1
620700.0,-14.98,8.45,2.45,-0.26,-1.12,0.76
621700.0,-18.68,2.26,-4.77,-0.3,-1.19,0.97
622700.0,-17.93,5.29,-2.74,0.45,1.45,-1.47
623700.0,-19.08,2.04,-5.28,-0.06,0.1,-0.21
624700.0,-18.66,1.77,-5.07,-0.03,0.0,-0.03
625800.0,-13.57,6.63,1.51,-0.15,-3.04,2.29
628500.0,-19.61,2.23,-5.86,-0.43,0.56,-0.85
628800.0,-17.23,6.64,-0.98,0.4,2.13,-2.2
629100.0,-18.81,3.09,-2.86,-0.14,-0.13,0.1
629800.0,-19.07,1.72,-4.8,-0.3,-0.8,0.35
630800.0,-11.83,9.21,3.75,0.79,-0.19,0.95
631800.0,-19.51,3.78,-2.88,-0.07,-1.74,1.6
632800.0,-17.48,3.83,-3.19,0.13,1.94,-1.77
633800.0,-19.02,1.95,-4.92,0.06,0.16,-0.22
637000.0,-19.01,2.48,-4.38,-0.07,-0.03,-0.01
637400.0,-12.31,8.85,3.31,-0.05,-1.15,0.8
637400.0,-17.9,4.52,-2.08,-0.47,-2.19,1.96
637800.0,-17.88,3.31,-3.47,0.57,1.8,-2.28
638800.0,-18.45,1.64,-5.1,-0.02,-0.14,0.01
639800.0,-14.57,7.07,2.04,-0.14,-2.91,2.26
640800.0,-19.42,2.14,-5.23,-0.72,-3.0,2.58
641800.0,-18.41,6.55,-0.77,-0.05,0.6,-0.56
642900.0,-19.46,4.4,-3.7,-0.03,1.03,-1.33
645500.0,-19.28,2.26,-5.35,0.15,0.78,-0.61
645600.0,-18.88,1.86,-5.47,-0.1,-0.15,0.05
645800.0,-17.14,6.24,1.32,-0.47,-2.7,1.96
646800.0,-19.61,0.32,-6.89,-0.39,-1.72,1.23
647800.0,-18.84,6.38,-1.38,0.07,0.77,-0.73
648800.0,-18.0,4.03,-2.72,0.22,0.69,-0.12
649900.0,-15.37,7.86,2.45,-0.49,-1.04,0.91
650800.0,-15.59,7.36,2.44,-0.04,1.84,-1.7
652400.0,-19.08,4.99,-2.38,-0.44,-1.67,0.89
652900.0,-14.27,8.12,2.68,-0.05,-1.26,0.87
653900.0,-12.27,8.83,3.14,0.05,1.86,-1.5
656700.0,-10.98,8.42,3.64,0.78,-0.24,0.67
656700.0,-19.61,0.8,-4.53,-0.43,0.73,-0.91
657100.0,-11.17,8.56,1.98,0.59,2.51,-1.27
658000.0,-18.76,2.86,-5.29,0.23,0.74,-1.19
658900.0,-18.99,2.39,-5.09,0.12,0.74,-0.59
659900.0,-12.39,7.9,3.57,0.07,-1.2,0.94
661000.0,-15.96,8.24,1.68,-0.1,-1.84,1.72
662000.0,-17.91,1.49,-6.16,0.14,2.17,-2.27
662900.0,-13.76,7.37,1.84,-0.33,-2.14,1.62
663900.0,-19.61,-0.8,-7.75,-0.01,1.24,-1.13
665000.0,-15.56,6.62,3.03,-0.18,-3.34,2.89
665900.0,-19.0,3.53,-4.34,-0.39,-1.08,0.52
666900.0,-18.48,1.53,-6.34,-0.15,-0.15,-0.01
672500.0,-13.31,9.05,2.64,0.23,-0.35,0.52
672700.0,-18.16,6.72,-1.07,0.19,0.77,-1.07
672700.0,-17.19,0.34,-7.17,-0.06,-0.2,0.14
672700.0,-16.3,7.08,-1.34,-0.21,-0.44,0.44
672700.0,-17.13,7.89,3.27,-0.56,-2.56,1.6
674700.0,-18.36,2.1,-6.23,0.01,-0.05,-0.1
674900.0,-18.34,2.36,-6.0,-0.14,-0.52,0.18
675000.0,-15.78,8.25,2.05,0.13,-0.94,0.8
676100.0,-19.25,2.14,-5.91,0.1,1.12,-1.12
677100.0,-18.92,6.6,1.09,-0.2,-1.95,1.31
680600.0,-18.77,3.5,-4.3,0.1,0.99,-1.31
681700.0,-12.44,8.1,1.47,0.26,0.63,0.32
681700.0,-19.61,4.6,-1.92,-0.61,-4.37,3.9
681700.0,-18.53,2.8,-5.58,0.21,0.51,-0.52
682300.0,-19.61,5.16,-0.48,-0.31,-2.07,1.15
683000.0,-19.61,6.76,0.04,0.24,1.55,-1.62
684000.0,-18.52,6.03,-1.32,0.04,-0.07,-0.53
685000.0,-15.25,6.22,-0.07,-0.35,-1.95,1.62
686300.0,-16.41,1.24,-6.01,0.38,1.6,-1.95
687000.0,-18.49,5.06,-1.59,0.54,1.51,-1.46
688000.0,-19.44,1.89,-4.46,0.32,1.36,-1.39
689000.0,-17.35,-0.29,-6.92,-0.05,-0.35,0.4
690000.0,-18.23,5.35,-1.99,-0.75,-4.31,4.05
691100.0,-19.61,0.03,-5.44,-0.29,-3.43,2.97
692000.0,-19.61,4.21,-4.3,0.18,0.93,-1.18
693000.0,-18.44,4.39,-2.72,-0.03,0.02,0.04
694000.0,-13.44,7.85,3.67,0.33,-0.78,1.15
695000.0,-19.61,2.17,-5.45,-0.37,-0.99,0.87
696000.0,-11.5,8.94,1.61,0.85,2.32,-1.62
697000.0,-17.76,3.15,-2.89,-0.63,-3.9,3.14
698000.0,-17.26,0.2,-6.91,0.3,1.34,-1.35
699000.0,-17.65,4.38,-2.23,0.32,1.46,-1.56
700000.0,-14.79,6.0,0.25,-0.39,-3.3,1.65
703000.0,-18.79,2.9,-5.02,-0.23,-0.46,0.09
703200.0,-16.15,6.72,2.94,0.09,-1.32,1.04
703200.0,-18.2,1.18,-6.27,0.21,1.53,-1.54
704100.0,-10.17,8.57,2.69,1.29,2.62,-1.61
705100.0,-19.61,2.09,-3.51,-0.17,-1.6,1.47
706100.0,-18.92,3.44,-3.87,0.17,2.21,-1.95
707100.0,-14.4,7.03,0.23,0.38,2.13,-2.17
708100.0,-10.24,8.94,1.13,0.2,-1.55,3.09
709100.0,-19.07,2.24,-5.26,0.07,-0.32,-0.03
710100.0,-19.08,4.94,-1.67,-0.23,-1.63,0.85
711100.0,-19.04,6.3,-1.5,0.13,1.42,-1.8
712100.0,-18.25,5.0,-1.84,-0.13,-0.54,0.42
713100.0,-16.65,1.64,-5.76,0.49,1.56,-1.7
714100.0,-18.16,5.38,-2.57,-0.06,0.63,-0.75
715100.0,-18.15,4.29,-2.17,-0.22,-1.61,1.17
716100.0,-18.34,-0.89,-9.04,-0.35,0.82,-1.03
717200.0,-18.52,2.6,-5.34,0.11,-0.01,-0.25
718200.0,-19.59,4.62,-0.77,-0.26,-1.83,1.15
719100.0,-12.93,8.55,0.99,0.96,2.51,-2.53
720200.0,-19.61,2.77,-3.67,-0.28,-1.23,0.99
721200.0,-17.86,6.0,-2.65,-0.18,1.65,-1.56
722200.0,-16.47,6.67,1.52,-0.25,-2.32,2.13
723200.0,-19.13,0.48,-6.87,-0.26,-1.86,1.6
724200.0,-18.18,2.17,-5.24,-0.08,0.03,-0.13
725100.0,-19.28,4.37,-2.13,-0.19,-0.85,0.48
726100.0,-12.88,8.09,3.38,0.0,-0.51,0.46
727200.0,-17.52,7.85,-0.79,-0.36,-0.97,0.49
728200.0,-18.43,2.49,-5.71,-0.26,-1.0,0.8
729200.0,-19.61,6.36,-2.18,0.23,1.53,-1.68
730300.0,-18.34,1.64,-5.38,-0.14,-0.66,0.65
731200.0,-15.65,6.01,0.16,-0.17,-0.97,0.9
732200.0,-17.7,6.11,0.49,-0.35,-1.26,1.01
733200.0,-17.52,2.61,-4.21,0.42,2.4,-3.1
734400.0,-18.91,2.59,-4.1,-0.12,0.21,0.19
737500.0,-18.21,5.71,-2.6,0.31,0.68,-1.02
738000.0,-18.3,2.29,-5.32,0.32,1.18,-0.99
738000.0,-17.59,1.99,-5.95,-0.27,-0.32,0.19
738700.0,-14.46,7.34,3.56,0.11,-1.36,1.08
739200.0,-16.8,7.44,0.42,0.05,0.45,-0.96
740300.0,-12.49,7.37,2.45,0.42,0.02,1.37
741200.0,-18.68,2.94,-3.87,-0.1,-2.06,1.59
744000.0,-19.61,0.23,-7.74,-0.44,0.47,-0.37
744300.0,-8.8,7.29,0.32,0.52,-0.99,2.48
744300.0,-18.5,1.74,-6.0,0.2,0.38,-0.32
745200.0,-18.63,3.67,-3.94,0.09,-0.6,0.29
746200.0,-19.61,4.68,-3.21,0.05,0.03,0.01
747200.0,-18.21,6.16,-2.47,0.01,1.02,-1.18
748200.0,-18.76,3.34,-4.36,-0.26,-1.1,0.78
749200.0,-18.48,1.23,-6.03,-0.04,0.96,-1.12
750200.0,-17.83,4.67,-4.17,-0.39,-0.44,0.44
751300.0,-18.55,6.06,-1.27,-0.16,-0.42,0.31
752300.0,-17.73,6.03,-1.26,-0.38,-0.07,-0.36
753300.0,-19.32,3.14,-4.86,0.04,-0.05,0.04
754300.0,-17.31,0.03,-7.16,0.02,0.27,-0.32
755300.0,-18.98,4.55,-3.5,-0.17,-1.17,0.9
758000.0,-17.71,4.14,-3.13,0.03,0.21,-0.1
758100.0,-14.82,7.97,3.04,0.57,-0.62,0.77
758400.0,-18.21,1.56,-5.47,0.47,2.51,-2.99
759300.0,-17.47,0.87,-6.47,-0.45,-1.92,1.73
760300.0,-18.3,6.44,-2.05,0.2,0.96,-0.89
761300.0,-17.32,3.64,-3.26,-0.25,-0.85,0.88
762300.0,-18.1,2.23,-5.94,0.01,0.03,-0.28
763300.0,-15.06,8.37,2.3,-0.11,-1.24,0.86
764300.0,-18.55,0.43,-8.88,-0.98,-3.32,2.99
765300.0,-19.14,1.66,-5.27,0.42,1.49,-1.8
768100.0,-16.06,7.02,-1.63,0.18,1.91,-2.26
769200.0,-7.92,8.58,-0.1,0.08,3.04,-2.36
769200.0,-18.27,2.45,-5.72,-0.01,-0.08,-0.11
769300.0,-19.0,4.26,-2.39,-0.14,-0.92,0.74
770300.0,-18.11,1.34,-6.59,0.53,2.32,-2.71
771300.0,-18.56,5.99,-2.33,0.01,0.7,-0.91
772300.0,-17.19,6.99,-1.97,-0.02,1.38,-1.59
773500.0,-17.63,-2.21,-9.11,-0.22,-2.77,2.59
774400.0,-16.51,-1.05,-7.63,0.61,1.69,-1.93
775400.0,-17.76,5.77,-2.23,-0.39,-3.75,2.12
778000.0,-18.4,2.21,-5.45,-0.06,-0.09,-0.07
778400.0,-14.81,6.95,2.24,-0.08,-1.81,1.58
778400.0,-19.61,-1.81,-9.48,-0.53,-3.57,2.9
779400.0,-17.26,0.45,-8.02,0.44,1.68,-1.66
780400.0,-19.58,6.75,-2.39,-0.05,1.01,-1.16
781600.0,-18.77,1.4,-4.82,-0.88,-4.37,4.37
782400.0,-17.18,0.9,-6.03,-0.81,-3.69,3.45
785000.0,-19.6,2.7,-5.52,0.09,0.1,-0.26
785100.0,-18.56,1.97,-5.48,-0.28,-0.26,0.02
785400.0,-13.98,6.75,2.76,-0.31,-1.96,1.64
786400.0,-18.44,0.63,-5.91,0.74,3.13,-3.26
787400.0,-17.91,6.02,-2.07,0.0,1.12,-1.25
788500.0,-17.05,6.89,-0.79,0.08,1.64,-1.84
789500.0,-13.81,3.28,-1.04,-0.12,-4.02,4.37
790400.0,-19.61,2.18,-5.17,-0.8,-2.77,2.84
791400.0,-18.31,3.19,-5.94,0.46,0.09,-0.37
792400.0,-19.03,4.18,-3.59,-0.32,0.38,-0.22
793400.0,-16.06,7.47,-2.15,0.45,2.07,-2.57
794400.0,-16.73,8.04,-1.87,0.99,2.62,-2.52
795400.0,-11.52,7.93,0.28,0.28,0.61,-0.05
796400.0,-19.49,2.76,-3.76,-0.77,-3.7,3.72
797400.0,-16.85,-0.11,-8.43,-0.44,-2.04,1.5
798400.0,-17.45,-0.67,-7.83,-0.11,-0.38,0.55
799400.0,-18.07,4.84,-2.58,-0.35,-1.01,0.73
800400.0,-18.13,6.56,-1.05,-0.12,-0.2,-0.04
801500.0,-17.7,5.36,-1.95,-0.44,-0.23,0.07
802500.0,-19.61,5.35,-2.28,-0.3,-1.22,0.78
803500.0,-19.48,3.49,-5.68,0.43,1.63,-1.75
804500.0,-17.76,3.28,-5.68,-0.13,-1.33,0.73
805500.0,-17.54,7.24,-2.99,0.65,2.32,-2.66
806500.0,-12.7,8.88,1.41,0.51,1.28,-0.56
807500.0,-19.43,1.89,-5.82,-0.3,-3.1,3.16
808500.0,-15.91,-1.09,-8.51,0.53,2.69,-2.92
809600.0,-17.26,3.93,-3.92,0.79,2.08,-2.18
810500.0,-15.39,-2.35,-10.32,-0.24,-0.68,-0.13
811500.0,-16.42,5.18,-0.6,-0.24,-3.82,3.62
812500.0,-18.23,1.96,-6.92,0.04,0.1,-0.2
815500.0,-17.22,1.52,-6.94,-0.04,-0.02,0.0
815700.0,-18.27,1.34,-6.5,-0.22,-0.09,0.01
815700.0,-17.66,5.57,-2.58,-0.03,-0.28,0.1
816500.0,-11.41,8.04,-0.77,0.28,3.04,-2.64
817500.0,-17.53,1.8,-6.88,-0.09,-0.18,0.0
818600.0,-17.37,1.86,-6.77,-0.04,0.09,-0.13
819500.0,-17.69,0.81,-7.46,-0.25,-0.28,0.07
820500.0,-13.55,8.45,2.4,0.06,-0.71,0.53
821500.0,-18.96,4.4,-0.57,-0.84,-3.58,3.33
822500.0,-15.08,-0.22,-8.56,0.29,2.6,-3.26
823500.0,-17.52,5.36,-2.76,0.37,1.7,-1.82
824600.0,-18.9,1.8,-5.41,-0.32,-0.37,0.12
825700.0,-17.84,0.81,-7.64,-0.4,-0.97,0.44
826600.0,-15.81,7.95,1.57,0.11,-1.11,1.06
827600.0,-15.83,-1.18,-8.89,-0.13,1.29,-1.26
828600.0,-15.8,7.92,0.28,0.86,2.81,-2.32
829600.0,-17.33,-2.11,-8.72,-0.51,-1.28,0.94
830600.0,-17.98,1.45,-6.99,-0.38,-0.4,0.14
831600.0,-17.93,4.22,-3.55,-0.49,-3.09,1.45
832600.0,-18.55,8.1,-0.63,-0.34,-1.06,0.66
833600.0,-19.61,-0.11,-8.5,-0.28,-1.5,1.49
834600.0,-18.33,3.46,-4.91,-0.33,-0.19,0.1
835600.0,-13.27,9.29,0.29,0.85,2.68,-1.75
836600.0,-14.47,2.7,-6.38,-0.13,-1.45,0.58
837600.0,-17.76,3.2,-7.41,0.33,0.44,-0.27
838600.0,-16.19,1.34,-7.62,0.17,-0.41,0.03
839600.0,-16.73,2.08,-5.74,-0.09,-0.99,1.04
840600.0,-18.64,3.35,-3.95,-0.14,-0.77,0.56
841600.0,-15.09,5.9,-0.85,-0.02,1.8,-2.03
842600.0,-17.64,5.91,1.7,0.13,-0.67,0.62
843600.0,-13.7,9.34,2.14,0.37,0.12,0.24
844600.0,-19.61,4.19,-4.19,-0.5,-1.63,1.39
845600.0,-16.07,0.88,-8.26,-0.04,0.97,-0.79
846600.0,-14.98,3.46,-4.51,-0.16,-1.34,0.24
847600.0,-16.43,3.22,-5.42,-0.17,-0.95,0.61
848600.0,-17.45,3.28,-5.81,-0.08,1.31,-1.03
849600.0,-16.65,1.23,-8.0,-0.24,-0.07,-0.16
850700.0,-16.56,4.45,-5.92,0.01,-0.09,0.02
851600.0,-16.82,1.29,-7.84,0.02,-0.54,0.2
852700.0,-13.69,1.18,-15.33,-0.04,0.53,0.07
853700.0,-18.9,4.46,-5.1,-0.09,-0.22,0.35
854700.0,-18.24,5.35,-3.39,-0.14,-0.02,-0.05
855700.0,-18.55,5.13,-3.66,0.44,0.7,0.03
856700.0,-18.43,6.74,-1.23,-1.0,0.3,-1.14
857700.0,-17.93,6.36,-1.26,-0.16,-0.25,-0.01
858700.0,-17.2,6.01,-1.36,-0.04,0.52,-0.55
859700.0,-17.87,6.27,-1.53,-0.03,0.08,-0.07
860700.0,-18.52,2.94,-6.51,-0.17,-0.94,0.41
861700.0,-14.69,7.08,0.94,0.14,0.17,-0.16
862700.0,-16.22,7.83,0.06,-0.01,-2.59,1.22
863700.0,-16.75,5.73,-3.94,-0.15,0.01,-0.12
864700.0,-16.01,0.66,-7.58,0.16,0.64,-0.43
865700.0,-15.37,2.25,-9.2,0.12,1.49,-0.53
866700.0,-14.6,1.52,-8.82,0.2,0.66,0.0
867700.0,-13.59,1.55,-9.26,-0.28,0.22,-0.08
868700.0,-15.52,2.37,-9.21,-0.03,-0.86,0.6
869700.0,-17.02,7.26,1.31,-0.23,-0.04,-0.89
870700.0,-17.85,7.11,1.31,-0.11,0.39,0.26
871700.0,-14.03,0.73,1.02,-3.11,-4.37,-1.21
872700.0,-15.26,1.62,7.7,-0.26,1.16,-0.23
873700.0,-17.05,5.69,3.04,-0.16,-0.2,0.21
874800.0,-17.3,2.97,-1.91,-1.53,-1.64,-1.26
875700.0,-19.61,1.53,0.93,-0.11,-1.54,0.86
876800.0,-18.45,4.16,3.54,-0.07,-0.09,0.0
877800.0,-18.53,4.03,3.04,0.01,0.15,-0.03
878800.0,-19.61,3.44,-0.44,-0.56,-0.31,0.16
879800.0,-18.39,4.37,3.76,-0.03,-0.58,-0.01
880800.0,-18.98,4.59,2.23,-0.09,-0.03,0.06
881800.0,-19.27,3.67,1.56,0.09,0.91,-0.76
882800.0,-19.61,-0.23,-0.21,-0.08,0.75,-0.62
883800.0,-16.05,-0.19,-5.76,0.94,1.05,-0.11
884800.0,-16.78,1.13,-3.92,-0.64,-1.75,-0.1
885800.0,-18.75,-1.24,-0.71,-2.7,0.18,-2.38
886800.0,-19.61,-1.47,1.64,0.2,-0.17,0.05
887800.0,-19.58,-0.55,2.37,0.38,2.06,-0.28
888800.0,-19.61,-0.88,2.01,-0.07,-0.05,-0.02
889800.0,-19.07,1.27,3.41,0.02,-0.11,-0.13
890800.0,-19.42,-0.08,1.88,-0.13,-0.05,-0.2
891800.0,-19.61,-0.93,1.41,-0.06,-0.19,0.0
892800.0,-18.19,2.57,5.57,-0.09,0.72,-0.54
893800.0,-19.55,-2.25,-1.35,0.19,-1.13,0.74
894800.0,-19.37,-4.06,-3.07,-0.17,0.47,-0.28
895800.0,-19.45,-3.79,-2.4,0.11,-0.28,0.24
896800.0,-19.21,-4.27,-1.71,-0.03,-0.14,0.05
897800.0,-18.96,-5.26,0.63,0.23,1.79,-0.46
898800.0,-19.33,-4.55,-2.95,0.05,0.15,0.11
899900.0,-18.61,-3.52,-3.07,0.21,0.1,-0.12
900900.0,-18.83,-3.45,-2.77,-0.28,-0.18,-0.1
901900.0,-18.03,-1.77,5.02,0.02,-0.21,0.04
902900.0,-19.61,-5.03,3.45,-2.32,0.48,-1.27
903900.0,-18.15,-0.94,-0.61,-1.79,-0.13,-1.49
904900.0,-19.61,0.79,1.14,0.61,0.6,-1.18
905900.0,-16.87,-0.16,1.39,-0.49,-2.27,1.67
906900.0,-19.61,-0.44,1.07,0.32,0.51,-0.01
907900.0,-18.82,2.88,2.25,0.21,-1.29,0.42
908900.0,-10.54,-0.87,10.05,-0.97,-0.11,-0.49
909900.0,-14.41,-4.07,12.49,1.11,-0.03,0.8
910900.0,-6.5,-0.88,9.62,0.14,1.43,2.69
911900.0,-15.62,-1.94,7.75,0.21,-1.82,-0.46
912900.0,-17.47,-1.75,4.4,-1.58,0.55,-1.46
913900.0,-17.51,-4.25,5.06,-0.11,-0.13,0.1
914900.0,-17.1,-2.87,6.16,-0.06,-0.03,0.09
915900.0,-17.27,-2.5,6.38,-0.16,-0.09,0.03
916900.0,-17.77,-4.03,3.97,0.38,-1.02,0.22
917900.0,-16.78,-2.94,6.64,-0.09,-0.04,0.03
918900.0,-16.88,-3.75,5.26,2.55,-0.45,-0.31
919900.0,-12.4,-0.88,5.99,3.3,3.42,2.26
920900.0,-18.0,1.44,1.12,-0.21,-0.7,1.56
921900.0,-18.67,3.64,4.35,-0.05,0.77,-0.7
922900.0,-18.48,2.05,3.79,0.0,-1.23,0.66
924000.0,-19.61,-1.24,-1.14,-0.3,-0.28,-0.21
925000.0,-19.61,1.08,1.64,-0.25,1.0,-0.63
925900.0,-16.67,-3.7,7.24,-0.63,-1.32,0.03
927000.0,-11.13,-1.86,9.01,-0.28,-0.73,0.25
928000.0,-17.9,1.51,5.54,0.04,-0.35,-0.11
929000.0,-15.93,-1.15,-7.9,-0.68,0.42,0.0
930000.0,-19.61,4.28,2.8,-0.45,-0.19,-0.14
931000.0,-18.62,3.39,-6.75,-0.22,-1.12,0.62
932000.0,-19.61,1.81,-3.01,-0.2,2.15,-0.94
933000.0,-18.12,5.16,0.64,0.01,-0.17,0.06
934000.0,-19.61,0.8,-3.09,-0.26,3.38,-1.82
935000.0,-16.78,5.74,-0.73,-0.06,2.63,-2.72
936000.0,-18.45,1.49,-5.49,-0.06,-0.18,0.07
937000.0,-18.95,1.11,-3.95,0.1,-0.64,0.34
938000.0,-19.61,1.93,-3.69,0.13,-1.03,0.5
939000.0,-19.61,5.16,-3.06,-0.29,-0.15,0.49
940000.0,-16.51,7.1,0.97,-0.25,-0.54,0.19
941000.0,-15.31,7.72,4.28,0.06,0.05,0.02
942000.0,-19.17,4.31,-3.17,0.19,2.93,-2.03
943000.0,-17.67,1.88,-6.77,-0.04,-0.02,-0.02
944000.0,-19.4,3.91,-3.45,-0.11,-0.26,0.13
945000.0,-17.49,5.07,-3.46,-0.07,-0.19,0.14
946000.0,-15.55,8.9,0.21,-0.35,-1.36,1.1
947000.0,-13.11,6.64,2.46,-0.72,-3.2,1.58
948000.0,-17.62,6.83,-0.12,0.06,-0.02,0.05
949000.0,-16.79,0.76,-5.32,0.0,1.79,-2.0
950100.0,-18.15,2.09,-4.8,0.68,0.6,-1.55
951000.0,-16.88,0.9,-8.28,0.76,0.67,-1.34
952100.0,-17.35,1.06,-7.06,0.62,0.45,-0.95
953100.0,-17.9,2.19,-7.04,0.22,0.82,-1.34
954100.0,-18.97,3.93,-4.44,0.2,1.27,-1.51
955100.0,-16.48,7.36,-1.85,0.32,1.77,-2.14
956100.0,-11.86,9.97,1.42,0.75,0.09,1.13
957100.0,-16.35,-0.91,-8.81,-0.3,-0.78,0.16
958100.0,-18.59,5.04,-2.92,0.09,-0.28,0.11
959100.0,-18.29,1.96,-5.38,-0.04,-0.06,-0.09
960100.0,-19.61,1.71,-4.68,-0.34,-0.62,0.35
961100.0,-18.33,6.68,1.11,-0.17,-1.9,1.59
962100.0,-18.67,2.73,-4.84,0.15,2.13,-2.4
963100.0,-13.77,8.37,0.22,0.73,2.45,-2.4
964100.0,-17.79,2.67,-3.07,-0.24,-1.47,1.19
965100.0,-18.74,2.3,-4.78,-0.24,-0.21,0.07
968600.0,-19.36,1.89,-5.6,-0.27,-0.34,0.2
968800.0,-19.23,2.01,-5.08,0.07,0.57,-0.43
968800.0,-18.87,1.06,-5.69,-0.02,0.34,-0.21
969100.0,-19.57,4.68,-1.87,-0.2,-0.9,0.53
970100.0,-15.95,7.91,1.2,0.73,2.24,-2.16
971100.0,-16.72,7.08,0.8,-0.55,-2.52,1.97
972100.0,-18.07,1.51,-6.4,-0.69,-1.36,0.86
973100.0,-18.74,2.19,-5.16,-0.33,-0.45,0.22
974200.0,-10.68,8.77,3.75,0.71,0.44,0.03
975200.0,-18.56,4.67,-2.7,-0.16,-1.09,0.8
976100.0,-19.23,3.67,-4.19,0.48,1.49,-1.64
977200.0,-18.73,2.34,-5.02,-0.1,-0.04,-0.04
978200.0,-17.09,6.8,2.15,-0.17,-1.91,1.57
979200.0,-18.79,1.71,-5.5,-0.53,-0.56,0.11
980200.0,-17.7,5.91,-1.43,0.51,2.02,-1.92
981200.0,-18.47,1.82,-5.13,0.0,-0.02,0.0
982200.0,-17.09,6.04,-1.7,0.07,0.96,-0.57
983200.0,-11.59,8.08,2.21,0.93,3.52,-2.8
984200.0,-19.29,5.1,-1.8,-0.46,-2.77,2.06
985200.0,-19.61,-0.07,-7.68,0.19,1.57,-1.76
986200.0,-19.35,2.44,-4.78,-0.27,-0.29,0.05
987200.0,-10.61,7.74,5.54,-0.04,-0.54,0.69
988200.0,-18.49,1.98,-4.95,-0.5,-2.08,1.64
989200.0,-17.24,5.34,-4.55,0.24,1.54,-2.42
990200.0,-18.67,1.96,-5.03,-0.17,-0.09,0.01
991200.0,-18.29,3.06,-4.17,0.02,0.07,-0.1
992200.0,-18.06,1.05,-6.4,-0.03,-0.05,-0.02
993200.0,-17.89,3.03,-4.1,-0.01,0.05,0.05
994200.0,-18.73,5.01,-0.87,-0.23,-0.8,0.44
995200.0,-8.57,8.28,1.79,0.05,0.55,-0.96
997500.0,-18.59,2.43,-5.29,-0.04,0.18,-0.2
997700.0,-18.56,2.31,-5.11,-0.05,0.07,-0.09
998200.0,-15.06,7.35,2.83,-0.12,-2.08,1.68
999200.0,-16.9,7.38,-1.72,0.09,0.63,-1.14
1001500.0,-19.61,1.44,-5.31,0.43,1.76,-2.0
1001700.0,-19.03,3.77,-4.11,-0.23,-1.77,1.35
1002300.0,-18.22,3.91,-3.48,-0.05,1.36,-1.37
1003300.0,-18.55,2.92,-5.39,0.04,0.46,-0.37
1004300.0,-18.63,3.32,-4.44,0.3,2.12,-1.68
1005300.0,-18.05,1.77,-7.28,-0.36,-0.62,0.18
1006300.0,-15.7,6.67,0.83,0.42,0.8,-0.44
1007300.0,-18.08,1.24,-7.29,-0.26,-0.34,0.07
1008300.0,-16.9,7.23,1.96,-0.11,-0.3,0.25
1009300.0,-17.9,5.97,-1.62,-0.33,-0.02,-0.14
1010300.0,-13.85,8.74,2.59,0.04,-0.55,0.27
1011300.0,-16.67,7.83,-0.9,-0.03,0.3,-0.41
1012300.0,-18.01,1.96,-5.93,-0.09,-1.06,0.75
1013300.0,-17.42,7.08,-2.19,0.27,1.58,-2.01
1014300.0,-18.58,2.28,-5.56,0.16,0.53,-0.41
1015300.0,-18.3,3.75,-3.89,0.11,0.46,-0.34
1016300.0,-18.82,1.65,-5.42,-0.07,-0.12,-0.06
1017300.0,-18.66,1.36,-6.02,-0.08,-0.1,-0.01
1018300.0,-17.64,0.59,-6.21,-0.02,0.23,-0.18
1019400.0,-17.75,0.28,-6.94,-0.07,-0.21,0.22
1022000.0,-18.26,1.81,-4.67,-0.16,-0.48,0.21
1022300.0,-18.61,0.95,-5.88,-0.2,-0.3,0.16
1022600.0,-19.61,5.03,2.1,-0.19,-2.11,1.0
1023300.0,-18.05,5.49,-2.36,0.07,0.97,-1.42
1024300.0,-19.61,3.43,-3.78,-0.11,-0.33,0.27
1025300.0,-18.21,5.43,-2.58,-0.29,0.07,-0.12
1026400.0000000001,-18.51,5.79,-2.37,0.25,-0.76,0.66
1027400.0000000001,-17.09,6.42,-1.91,0.11,0.27,-0.49
1030000.0,-17.46,2.54,-6.69,-0.22,-0.85,0.68
1030300.0,-18.55,3.69,-4.2,-0.07,0.06,-0.03
1030599.9999999999,-12.22,8.65,2.59,1.19,-0.18,1.64
1033500.0,-18.31,1.77,-6.88,-0.28,-0.22,-0.03
1033700.0,-14.86,7.02,2.38,-0.12,-2.44,1.74
1033700.0,-17.24,4.98,-2.66,0.42,2.04,-2.14
1034400.0000000001,-9.25,7.99,3.12,0.38,-0.92,1.45
1035400.0000000001,-18.19,-0.38,-8.17,-0.13,0.08,-0.15
1036400.0000000001,-17.93,3.0,-4.39,0.44,2.21,-2.6
1037400.0000000001,-13.98,4.76,1.93,-1.12,-2.75,1.41
1038500.0,-18.21,2.11,-6.53,-0.16,-0.21,0.01
1039400.0000000001,-13.32,7.37,3.79,-0.11,-1.29,0.91
1040400.0000000001,-14.6,8.47,1.38,-0.35,-0.66,0.61
1041400.0000000001,-15.99,7.68,-1.05,-0.67,-2.6,3.25
1042400.0000000001,-12.3,9.13,2.73,-0.64,-0.25,-0.68
1043400.0000000001,-19.34,6.08,0.21,0.04,-0.54,0.57
1044400.0000000001,-16.97,6.4,-1.29,0.12,-0.1,-0.41
1045400.0000000001,-19.61,5.49,-1.59,-0.11,-1.28,1.11
1046400.0000000001,-17.74,4.03,-4.31,0.22,0.91,-1.27
1047500.0,-17.55,7.07,-1.93,0.09,1.17,-1.28
1048400.0000000001,-18.27,0.29,-7.39,-0.12,-0.92,0.74
1049500.0,-15.86,7.29,-1.74,0.38,1.77,-2.19
1050400.0,-16.4,4.44,-0.74,-0.54,-4.37,4.37
1051500.0,-19.0,2.73,-5.66,0.05,0.38,-0.37
1052500.0,-18.39,4.62,-1.8,0.0,-0.18,0.13
1053500.0,-10.73,9.05,2.59,0.63,0.84,-0.75
1054500.0,-14.87,5.61,-0.23,0.04,2.61,-3.17
1055500.0,-11.63,8.71,2.02,0.71,-0.46,2.35
1056500.0,-17.25,4.17,-0.16,-0.33,-4.37,4.37
1057500.0,-18.19,-1.43,-8.73,-0.33,-1.5,1.21
1058500.0,-16.66,-0.28,-9.07,0.25,1.54,-1.86
1059500.0,-14.98,7.09,-1.86,-0.31,4.37,-4.28
1060500.0,-19.61,3.72,-2.91,-0.21,-1.21,0.55
1061500.0,-17.62,7.74,-1.25,0.07,0.63,-1.29
1062500.0,-19.58,4.35,-2.03,-0.28,-1.1,0.89
1063500.0,-17.65,3.23,-4.5,0.42,1.25,-1.78
1064500.0,-18.36,4.58,-3.06,0.08,1.34,-1.98
1065500.0,-18.75,4.63,-2.66,0.69,2.51,-2.41
1066500.0,-18.28,0.57,-6.34,0.08,-0.24,0.07
1067500.0,-19.61,4.25,-2.71,-0.58,-3.24,2.44
1068500.0,-18.62,3.56,-3.57,-0.11,-0.36,0.21
1069500.0,-12.23,8.07,1.32,0.05,-0.85,0.74
1070500.0,-18.97,4.26,-2.85,-0.41,-2.42,2.12
1071500.0,-18.46,5.17,-3.26,-0.47,-0.36,0.04
1072500.0,-17.99,4.58,-3.22,0.12,0.57,-0.95
1073500.0,-17.67,3.24,-2.98,-0.65,-3.54,3.27
1074500.0,-16.49,1.34,-5.82,0.01,-1.11,0.93
1075500.0,-18.73,4.12,-2.54,-0.08,-1.05,0.74
1076600.0,-12.65,9.72,2.69,0.74,-0.06,0.57
1077600.0,-17.09,0.2,-6.26,-0.15,-0.85,0.79
1078600.0,-18.65,1.63,-5.68,-0.3,-0.34,0.19
1079600.0,-18.03,1.22,-7.08,-0.23,-0.21,0.1
1080600.0,-19.01,-1.55,-9.49,-0.37,-0.09,-0.78
1081600.0,-18.92,1.71,-5.31,-0.02,0.14,-0.1
1082600.0,-19.24,1.81,-4.54,-0.19,-1.11,0.7
1083600.0,-15.89,0.38,-7.71,0.11,1.7,-1.48
1084600.0,-18.24,2.94,-4.36,-1.28,-4.37,4.33
1085600.0,-18.15,3.16,-4.25,0.18,0.43,-0.44
1086600.0,-18.76,3.19,-4.63,-0.12,-1.04,0.38
1087600.0,-19.24,3.88,-2.01,0.1,-0.06,0.08
1088600.0,-18.95,2.96,-5.06,0.32,-0.28,0.18
1089600.0,-12.92,7.06,1.62,0.15,-0.52,0.85
1090600.0,-18.26,1.33,-7.1,-0.04,2.05,-2.11
1091700.0,-19.01,3.67,-3.79,0.0,-0.01,0.01
1092600.0,-17.71,3.57,-4.6,0.02,1.02,-1.03
1093600.0,-16.53,-0.76,-8.5,-0.02,0.51,-0.56
1094600.0,-18.86,3.43,-4.64,0.01,0.01,0.05
1095600.0,-18.48,6.09,-0.41,-0.01,-1.55,1.27
1096600.0,-18.39,3.63,-3.57,0.46,2.23,-1.64
1097600.0,-18.26,5.08,-2.93,-0.49,-1.12,0.96
1100600.0,-17.94,2.52,-6.02,-0.01,0.47,-0.39
1100600.0,-19.47,4.3,-3.92,-0.13,-0.37,0.23
1100700.0,-18.34,5.26,-1.96,0.01,-0.26,0.18
1101700.0,-14.48,7.47,1.26,-0.23,-0.92,0.66
1102700.0,-17.9,6.7,-2.23,0.01,1.03,-1.26
1103700.0,-18.13,3.09,-5.09,-0.25,-1.3,1.1
1104700.0,-18.6,3.44,-5.55,0.03,-0.24,-0.1
1105700.0,-18.52,5.62,-2.22,-0.14,-0.1,-0.05
1106700.0,-19.61,3.7,-4.7,0.07,0.4,-0.4
1107700.0,-18.51,3.26,-5.3,0.02,0.41,-0.32
1108700.0,-16.76,2.05,-6.66,-0.13,-0.03,-0.71
1109700.0,-18.84,3.7,-5.14,0.11,-0.58,0.81
1110700.0,-18.41,5.69,-2.32,-0.14,-0.22,0.03
1111700.0,-18.55,5.44,-2.16,0.06,-0.01,0.13
1112700.0,-17.09,6.88,-0.88,-0.41,0.14,0.03
1113700.0,-18.19,6.96,-1.02,-0.04,0.04,-0.03
1114800.0,-18.98,3.95,-4.02,0.0,-0.21,0.13
1115700.0,-18.0,3.55,-3.81,0.18,0.78,-0.66
1116700.0,-18.42,1.81,-5.57,-0.05,-0.11,0.01
1117700.0,-17.91,6.19,-0.21,-0.65,-3.56,2.45
1118700.0,-17.16,4.55,-3.31,0.29,1.68,-1.84
1119700.0,-18.71,2.36,-5.13,-0.1,-0.12,0.11
1120700.0,-18.61,3.05,-4.96,-0.13,-0.29,0.15
1121700.0,-17.41,5.87,-1.01,-0.16,0.43,-0.43
1122800.0,-11.87,8.51,1.77,0.25,0.9,-0.69
1123700.0,-18.12,2.46,-6.78,-0.18,-0.31,-0.01
1125200.0,-18.07,5.14,-1.98,-0.17,-2.35,1.99
1126500.0,-19.61,1.5,-6.43,-0.61,0.2,-0.71
1126800.0,-18.32,3.93,-3.48,0.13,1.46,-1.85
1127800.0,-17.52,1.12,-6.51,-0.18,0.46,-0.42
1128800.0,-19.12,1.18,-6.13,0.29,1.38,-1.84
1129900.0,-11.95,7.36,-0.9,0.45,4.37,-3.93
1132500.0,-17.95,1.97,-5.32,-0.03,0.16,-0.26
1132900.0,-13.83,7.54,1.64,-0.14,-2.54,2.27
1132900.0,-17.11,4.79,-1.76,-0.84,-2.9,2.31
1133800.0,-18.8,0.1,-7.46,-0.64,0.16,-0.58
1134800.0,-17.76,1.2,-6.86,0.01,0.63,-1.01
1135800.0,-17.27,5.02,-3.11,-0.01,1.65,-2.03
1136800.0,-11.14,7.77,2.13,0.67,-1.34,4.37
1140100.0,-18.19,2.95,-5.45,0.09,-0.14,-0.09
1140300.0,-19.26,2.67,-4.29,-0.25,-1.46,0.88
1140300.0,-10.89,8.84,1.07,1.0,2.56,-2.55
1140800.0,-18.96,3.17,-3.46,-0.27,-3.85,4.02
1141800.0,-19.61,-0.18,-6.44,-0.66,-4.12,3.96
1142800.0,-16.6,-0.19,-7.23,0.08,1.71,-1.88
1143800.0,-17.3,4.72,-3.9,0.45,1.8,-2.02
1144800.0,-11.42,7.17,2.19,0.61,-1.82,4.36
1146000.0,-18.26,2.55,-6.26,0.12,0.08,-0.29
1147000.0,-18.6,1.82,-6.36,0.09,-0.24,0.1
1147800.0,-17.92,1.81,-5.74,-0.08,0.0,-0.05
1148800.0,-17.58,1.7,-5.89,-0.07,-0.1,-0.01
1149800.0,-19.0,5.38,-1.01,-0.16,-0.52,0.45
1150800.0,-18.11,3.02,-3.51,0.61,2.76,-3.71
1151900.0,-17.69,1.29,-7.18,0.94,0.37,-1.9
1153000.0,-16.91,1.15,-6.75,0.38,1.89,-2.03
1153900.0,-18.41,2.95,-5.11,0.2,1.29,-1.86
1154900.0,-19.53,2.09,-5.37,-0.1,-1.23,0.92
1155900.0,-16.59,6.73,0.23,-0.05,-0.52,0.42
1156900.0,-16.88,6.99,0.01,0.1,0.06,0.18
1157900.0,-15.7,7.78,1.92,-0.2,-0.66,0.42
1158900.0,-15.72,5.87,-0.13,-0.68,-3.88,2.54
1159900.0,-18.7,2.67,-4.95,-0.06,0.2,-0.2
1160900.0,-18.01,1.59,-5.83,0.08,0.0,-0.07
1161900.0,-19.07,2.97,-3.92,-0.21,-1.17,0.72
1162900.0,-16.99,4.94,-0.7,0.17,1.52,-2.85
1163900.0,-18.12,5.91,-2.04,0.23,1.35,-1.19
1164900.0,-16.45,7.56,2.01,-0.15,-1.07,1.17
1165900.0,-18.54,-2.09,-8.91,-0.2,0.36,0.01
1166900.0,-18.43,1.17,-6.85,0.04,0.53,-0.61
1167900.0,-14.27,7.9,3.03,0.04,-1.37,1.12
1168900.0,-17.95,1.8,-5.22,0.41,2.75,-3.21
1169900.0,-15.39,8.2,0.46,0.95,2.55,-2.51
1170900.0,-17.19,1.08,-4.54,-0.34,-1.72,1.33
1172000.0,-18.59,4.29,-2.38,-0.25,-1.21,0.89
1172900.0,-19.61,3.25,-2.75,-0.3,-1.97,1.33
1174000.0,-18.61,1.82,-5.65,0.03,0.48,-0.46
1174900.0,-17.74,5.5,-1.54,-0.18,-0.22,0.12
1176000.0,-18.63,5.45,-0.8,-0.47,-3.24,2.78
1177000.0,-14.17,7.83,0.1,1.04,3.07,-3.13
1178000.0,-18.23,3.51,-3.17,-0.55,-3.35,3.46
1179000.0,-18.84,6.48,0.3,-0.73,-2.74,2.51
1180100.0,-19.29,0.08,-6.01,-0.42,-2.67,1.85
1181000.0,-19.61,1.85,-3.45,-0.32,-1.73,1.04
1182000.0,-17.63,4.95,-3.32,0.38,2.72,-2.74
1183000.0,-17.97,5.39,-0.68,-0.32,-0.36,0.16
1184000.0,-14.97,8.74,3.43,1.0,-0.7,1.65
1185000.0,-17.8,-1.84,-8.28,-0.54,0.35,-0.25
1186100.0,-16.72,-0.02,-8.59,-0.24,0.14,-0.06
1187000.0,-15.5,-2.15,-10.01,0.06,-0.34,0.68
1188000.0,-19.44,2.36,-2.79,0.76,2.96,-3.55
1189200.0,-18.76,0.86,-7.54,-0.59,-4.37,4.37
1190000.0,-12.64,8.52,0.18,0.24,1.22,-1.08
1191300.0,-18.36,2.47,-3.54,0.96,3.71,-2.71
1192000.0,-19.61,1.07,-5.68,-0.24,-4.21,4.0
1193600.0,-19.4,-0.71,-9.4,0.06,0.25,-0.28
1194500.0,-17.86,2.03,-5.61,0.41,1.35,-2.08
1195300.0,-18.09,0.58,-6.94,0.22,0.45,-0.16
1196200.0,-18.07,0.9,-6.6,0.11,-0.01,0.15
1197000.0,-17.96,0.28,-6.49,0.05,-0.02,0.07
1198000.0,-19.61,0.08,-6.53,-0.14,0.58,-0.43
1199000.0,-19.03,1.86,-4.58,-0.06,0.31,-0.42
1200000.0,-18.62,1.63,-3.53,-0.97,-0.43,0.06
1201100.0,-19.61,1.57,-3.63,-0.14,-0.72,0.54
1202100.0,-18.19,0.65,-7.19,0.22,-0.56,0.4
1203100.0,-14.14,1.98,-10.12,0.94,0.91,0.23
1204100.0,-18.77,-1.24,-6.3,0.41,-0.49,0.43
1205100.0,-18.07,-0.83,-5.5,-0.27,-0.21,-0.06
1206100.0,-18.33,-0.82,-5.99,-0.46,-0.19,-0.25
1207100.0,-19.21,-0.91,-5.66,-0.26,-0.4,-0.11
1208200.0,-19.61,1.68,-3.79,-0.06,-0.12,0.07
1209100.0,-17.67,1.03,-7.1,0.05,0.01,0.01
1210100.0,-15.89,2.43,-4.29,-0.59,1.49,-1.53
1211100.0,-18.55,2.47,-4.58,-0.45,1.52,-1.72
1212400.0,-18.75,0.03,-5.61,-0.09,-0.03,0.02
1213100.0,-18.55,-0.61,-6.25,-0.27,0.01,-0.13
1214100.0,-17.81,-0.23,-6.33,-0.1,0.0,-0.04
1215100.0,-19.61,0.02,-2.39,0.42,-0.84,0.3
1216200.0,-16.75,5.2,-0.61,-0.25,0.51,-0.35
1217100.0,-18.11,6.05,0.0,-0.04,-0.04,-0.05
1218200.0,-19.0,4.61,-1.49,-0.03,-1.85,0.67
1219300.0,-17.92,1.28,-7.12,0.14,-0.09,-0.1
1220200.0,-18.32,0.93,-5.49,-0.13,0.05,0.34
1221100.0,-19.28,3.98,-3.49,-0.46,-0.22,0.05
1222200.0,-18.59,-0.15,-6.42,-0.84,0.05,0.51
1223400.0,-19.33,1.45,-4.74,-0.09,-0.04,-0.09
1224300.0,-19.09,2.22,-5.14,-0.04,0.13,0.3
1225300.0,-19.06,5.17,-0.44,0.27,-2.33,0.79
1226200.0,-16.91,6.64,-0.53,-0.16,-0.11,0.05
1227500.0,-18.61,4.92,0.9,0.01,-0.25,0.1
1228300.0,-16.58,7.32,-0.32,0.39,1.19,-1.12
1229200.0,-18.32,2.93,-5.16,0.02,-0.26,0.12
1230200.0,-18.4,2.17,-5.57,0.0,-0.12,0.01
1231200.0,-17.14,2.48,-6.71,-0.13,-0.13,-0.23
1232200.0,-17.9,4.15,-3.04,0.02,-1.04,0.77
1233600.0,-15.95,5.95,-3.03,0.28,1.71,-2.34
1234200.0,-17.77,7.42,-2.66,0.66,2.8,-2.99
1235200.0,-13.16,8.57,0.44,0.31,1.34,-0.89
1236400.0,-16.24,3.93,-2.57,-0.82,-4.37,4.37
1237200.0,-17.32,2.33,-6.71,0.05,-0.15,-0.14
1238200.0,-18.83,2.67,-4.71,-0.44,-1.47,0.69
1239600.0,-17.42,6.57,-2.06,0.42,1.45,-2.58
1240200.0,-18.26,5.88,-2.55,0.13,1.85,-2.18
1241600.0,-17.6,6.4,-2.48,0.06,1.86,-1.95
1244600.0,-17.07,7.95,0.8,-0.2,-1.42,1.28
1244900.0,-16.02,-0.23,-8.01,0.55,1.77,-2.13
1244900.0,-16.87,5.85,-4.01,0.22,4.37,-4.37
1245200.0,-18.18,3.2,-4.36,-0.29,-0.53,0.28
1246200.0,-19.05,3.11,-5.02,-0.27,0.0,-0.17
1247200.0,-19.61,6.02,-1.04,-0.22,-0.36,0.19
1248300.0,-14.97,7.39,1.88,0.15,-0.46,0.48
1249300.0,-18.09,4.74,0.19,0.17,1.49,-0.9
1250200.0,-17.96,4.3,-1.1,-0.25,-1.61,1.04
1251300.0,-18.25,1.81,-6.02,0.06,0.35,-0.43
1252300.0,-17.87,1.78,-6.78,-0.17,-0.05,-0.09
1253300.0,-16.43,7.02,1.59,-0.03,-0.6,0.45
1254300.0,-17.07,6.65,1.41,0.05,0.39,-0.42
1255300.0,-14.22,7.62,3.17,0.22,-1.02,2.18
1256300.0,-18.81,3.73,-3.65,-0.11,-0.66,0.35
1257300.0,-16.04,0.66,-8.81,0.93,-0.11,-1.75
1258300.0,-16.76,-0.02,-7.67,0.43,2.09,-2.21
1259300.0,-19.48,1.93,-5.68,0.48,1.92,-1.55
1260300.0,-19.46,2.64,-5.84,0.27,1.93,-1.83
1261300.0,-18.16,1.49,-6.73,-0.04,-0.3,0.01
1262300.0,-19.17,1.03,-6.09,-0.21,-0.14,0.12
1263300.0,-18.99,5.77,-0.77,-0.17,-1.15,0.69
1264300.0,-16.94,7.23,1.07,0.17,1.79,-1.74
1265300.0,-19.61,5.04,-0.99,0.29,-0.29,0.34
1266300.0,-18.29,1.95,-5.76,-0.12,-0.06,-0.02
1267300.0,-19.61,2.83,-4.21,-0.07,-0.14,0.07
1268300.0,-18.94,2.43,-4.43,-0.06,-0.01,-0.09
1269300.0,-18.82,1.81,-5.06,-0.09,0.05,-0.11
1270300.0,-17.82,1.27,-6.45,-0.11,-0.07,-0.02
1271300.0,-19.61,3.16,-3.98,-0.17,-0.8,0.5
1272300.0,-17.26,3.42,-3.92,0.37,2.61,-3.26
1273300.0,-15.84,8.63,0.2,0.39,1.79,-1.77
1274400.0,-17.78,-0.07,-7.09,-0.08,-0.12,0.11
1275400.0,-19.61,2.55,-5.0,-0.15,-1.06,0.78
1276400.0,-19.61,3.05,-5.62,0.05,0.34,-0.45
1277400.0,-10.58,10.59,1.57,1.15,1.8,0.39
1278400.0,-17.65,1.28,-7.12,-0.07,0.26,-0.24
1279400.0,-13.63,8.77,3.23,0.31,-1.07,1.01
1280400.0,-18.87,5.06,-1.53,-0.44,-1.92,1.9
1281400.0,-18.8,5.89,-2.39,0.25,1.61,-1.58
1282400.0,-13.62,8.17,0.63,-0.28,-1.33,2.03
1283400.0,-18.41,2.88,-5.22,0.28,1.22,-1.69
1284400.0,-17.69,6.91,-2.54,0.23,2.15,-2.37
1285400.0,-6.39,8.52,1.01,0.4,3.91,-2.94
1286400.0,-17.41,1.7,-6.63,-0.08,-0.11,-0.01
1287400.0,-18.24,1.38,-6.43,-0.17,-0.34,0.03
1288400.0,-14.57,6.48,1.04,0.42,2.11,-1.33
1289400.0,-18.67,1.44,-5.71,-0.24,-0.34,0.16
1290400.0,-17.25,6.02,-1.18,0.6,2.57,-3.3
1291400.0,-17.96,4.67,-1.74,-0.18,-0.28,0.12
1292400.0,-9.0,7.82,2.5,0.65,0.08,1.08
1295100.0,-19.61,-1.22,-7.42,-0.39,-4.2,2.53
1295400.0,-17.19,0.71,-7.05,0.38,1.69,-1.8
1295700.0,-12.81,8.37,0.05,0.81,2.54,-2.11
1296400.0,-15.93,-1.18,-8.53,-0.08,-1.37,1.01
1297400.0,-18.0,2.25,-6.05,-0.09,0.2,-0.31
1298400.0,-19.61,2.53,-3.94,-0.31,-1.29,0.82
1299500.0,-18.23,6.74,-2.9,0.23,1.56,-2.15
1300500.0,-17.17,4.81,-2.42,-0.09,0.14,-0.04
1301500.0,-19.19,3.7,-3.39,-0.11,0.05,-0.09
1302500.0,-18.93,3.67,-3.6,-0.07,-0.06,0.01
1303500.0,-18.85,3.42,-3.57,-0.05,-0.14,0.04
1304500.0,-18.74,4.44,-3.27,-0.12,-0.09,-0.03
1305500.0,-16.1,6.94,0.01,-0.34,-0.86,0.9
1306500.0,-18.83,2.74,-5.66,-0.2,0.3,-0.37
1307500.0,-7.68,8.86,0.81,0.88,4.21,-3.13
1308500.0,-19.12,2.79,-4.58,-0.14,-0.8,0.43
1309500.0,-14.37,8.03,-0.56,1.23,3.23,-3.33
1310500.0,-17.09,6.27,-0.22,-0.44,-1.32,1.19
1311500.0,-17.21,1.45,-6.29,0.32,2.16,-2.15
1312500.0,-19.15,3.05,-5.36,0.5,1.2,-1.76
1313500.0,-16.31,7.79,-0.85,0.59,1.72,-1.81
1314500.0,-9.06,8.11,1.35,0.21,-1.96,3.02
1315500.0,-18.7,2.15,-5.52,-0.36,-0.34,0.13
1316500.0,-8.86,8.51,2.0,1.13,2.38,-2.05
1317500.0,-17.34,0.96,-6.45,-0.38,-1.53,1.52
1318500.0,-18.87,3.44,-4.54,0.02,1.9,-1.97
1319500.0,-12.06,8.77,2.78,0.33,1.33,-0.53
1320500.0,-17.13,-1.33,-7.77,-0.35,-2.63,2.18
1321500.0,-19.1,1.96,-5.6,-0.43,-1.08,0.59
1322500.0,-15.38,7.08,2.51,0.17,0.94,-0.28
1323500.0,-15.29,6.2,-0.65,-0.44,-1.72,1.22
1324500.0,-18.59,3.56,-3.28,-0.42,-2.79,2.6
1325500.0,-16.69,-0.69,-7.7,0.47,2.13,-2.59
1326600.0,-19.61,1.13,-6.1,-0.19,-0.9,0.3
1327700.0,-18.97,1.11,-5.98,-0.32,-1.08,0.51
1328600.0,-13.44,8.7,3.96,0.58,-0.43,0.81
1329600.0,-17.42,-2.78,-8.51,-0.37,-2.38,1.87
1330600.0,-16.01,3.16,-5.64,0.21,1.4,-1.99
1331600.0,-18.81,1.28,-6.4,0.15,0.47,-0.06
1332600.0,-18.52,5.13,-2.65,-0.04,-0.15,0.03
1333600.0,-18.02,5.65,-1.76,-0.22,0.28,-0.37
1334600.0,-18.07,3.16,-4.25,-0.23,-0.6,0.34
1335600.0,-13.15,8.07,3.5,-0.4,-1.8,1.29
1336600.0,-19.61,-0.34,-6.83,-0.38,-4.37,4.37
1337600.0,-17.34,-0.46,-8.15,-0.27,-1.78,1.49
1338600.0,-17.68,0.97,-6.8,-0.47,-0.28,-0.25
1339600.0,-9.66,9.85,1.92,1.18,0.86,0.3
1340600.0,-16.38,3.91,-3.17,-0.7,-3.36,3.47
1341600.0,-15.54,5.62,-2.73,0.12,2.43,-2.55
1342600.0,-18.32,3.32,-3.39,0.83,2.99,-3.15
1343600.0,-13.96,9.34,0.06,0.6,-0.02,1.1
1344600.0,-19.61,2.28,-9.71,-0.75,-0.68,-0.18
1345600.0,-16.89,-0.53,-9.46,-0.56,-0.06,-0.49
1346600.0,-16.72,0.35,-7.55,0.64,1.53,-2.13
1347600.0,-18.63,1.16,-6.45,-0.08,-0.35,0.24
1348600.0,-18.68,0.82,-6.26,0.1,-0.62,0.21
1349600.0,-18.5,1.29,-5.94,-0.43,-1.07,0.48
1350700.0,-17.95,6.68,0.66,0.12,-0.01,-0.03
1351700.0,-13.41,7.85,-0.56,0.98,2.94,-2.64
1352700.0,-16.94,6.24,-1.66,-0.93,-3.55,2.64
1353700.0,-19.18,-1.06,-8.67,0.09,3.0,-2.6
1354700.0,-18.33,0.85,-6.51,-0.28,-0.23,-0.04
1355700.0,-11.72,9.07,2.16,0.71,0.85,0.31
1356700.0,-14.06,6.8,1.72,-0.28,-2.29,2.05
1357700.0,-17.67,0.08,-8.54,-0.36,-2.77,1.76
1358700.0,-18.75,1.66,-5.33,0.02,-0.09,0.0
1359700.0,-19.03,1.72,-5.31,-0.07,0.06,-0.12
1360700.0,-19.61,1.57,-5.67,0.04,1.09,-0.86
1361700.0,-18.78,2.13,-5.04,-0.02,-0.27,0.18
1362700.0,-19.23,1.53,-5.32,-0.1,0.06,-0.08
1363700.0,-19.61,2.59,-2.7,0.1,-1.12,0.45
1364700.0,-19.34,5.56,-2.52,0.05,1.01,-1.47
1365700.0,-11.9,7.77,3.95,-0.01,-0.85,1.07
1366700.0,-15.68,1.36,-5.54,-0.27,-2.72,2.06
1367700.0,-19.61,2.67,-3.2,-0.38,-1.93,1.25
1368700.0,-18.76,3.38,-4.01,0.46,2.1,-2.58
1369700.0,-16.75,7.9,1.41,0.5,1.25,-1.37
1370700.0,-17.28,2.65,-3.95,0.23,0.78,-0.5
1371700.0,-18.64,1.56,-5.11,-0.16,0.08,-0.19
1372700.0,-13.22,9.49,3.22,0.49,-0.24,0.33
1373700.0,-15.65,7.32,1.45,-0.33,-2.45,2.15
1374700.0,-16.96,0.08,-8.01,-0.63,-3.07,1.88
1375800.0,-18.94,2.37,-4.75,-0.39,-0.75,0.4
1376800.0,-16.19,6.33,0.34,0.43,2.81,-2.85
1377800.0,-13.41,7.26,2.31,-0.45,-2.5,1.91
1378800.0,-18.42,-0.75,-8.66,-0.42,-3.12,2.34
1379800.0,-18.61,2.58,-4.97,-0.12,-0.34,0.16
1380800.0,-17.91,2.28,-4.64,-0.09,-0.43,0.51
1381800.0,-18.46,1.28,-6.33,-0.22,-0.56,0.26
1382800.0,-13.75,8.11,2.41,0.31,0.55,-0.35
1383800.0,-18.23,3.4,-3.76,0.3,1.58,-1.85
1384800.0,-11.76,8.65,1.26,1.0,1.59,-1.08
1385800.0,-16.49,3.75,-2.9,-0.15,-0.81,0.76
1386800.0,-18.44,1.64,-5.7,-0.1,0.04,-0.03
1387800.0,-19.61,4.27,-2.6,-0.14,-0.32,0.23
1388800.0,-15.22,7.59,2.64,-0.37,-1.38,0.93
1389800.0,-18.82,0.32,-6.97,0.03,-0.33,0.17
1390800.0,-17.5,7.54,1.06,-0.35,-1.47,0.83
1391800.0,-19.43,-1.32,-9.32,-0.41,-0.22,-0.35
1392800.0,-17.95,1.58,-6.14,-0.18,-1.4,1.48
1393800.0,-19.14,5.07,-4.05,0.03,3.25,-3.79
1394800.0,-15.42,8.4,1.23,0.05,-0.21,0.01
1395800.0,-18.72,2.5,-5.56,-0.36,-0.5,0.08
1396800.0,-19.43,4.7,-3.95,0.21,1.54,-1.02
1397800.0,-18.86,4.27,-3.03,-0.4,-0.78,0.29
1398900.0,-19.61,5.28,-2.1,0.01,1.04,-0.52
1399800.0,-15.56,6.63,2.54,0.5,-0.11,0.67
1400900.0,-14.7,7.59,5.01,0.26,-0.69,0.49
1401900.0,-17.95,5.98,-1.49,-0.01,0.48,-1.05
1402900.0,-14.86,7.85,2.52,-0.62,-1.0,0.8
1403900.0,-16.35,0.33,-8.04,0.23,1.98,-2.38
1404900.0,-18.66,3.67,-3.61,-0.17,0.25,-0.15
1405900.0,-18.73,4.31,-2.44,-0.26,-1.28,0.78
1406900.0,-15.27,7.51,-0.17,0.49,2.09,-2.12
1407900.0,-17.61,5.75,-1.82,0.08,0.69,-0.82
1408900.0,-19.19,3.45,-4.39,0.15,-1.08,0.99
1409900.0,-17.24,0.61,-7.47,0.5,1.7,-2.25
1410900.0,-19.33,3.44,-6.23,0.3,0.12,-0.35
1412000.0,-19.47,4.26,-2.09,-0.32,-1.17,0.54
1412900.0,-18.26,7.31,-2.61,0.3,1.42,-1.6
1414400.0,-17.7,4.75,-2.27,-0.22,-0.95,0.73
1414900.0,-18.0,1.45,-5.6,0.3,1.58,-1.86
1416100.0,-15.73,7.22,-1.61,0.83,2.66,-2.64
1417000.0,-9.56,8.64,0.92,0.64,-1.91,3.61
1417900.0,-18.13,2.74,-5.54,0.02,-0.2,-0.11
1418900.0,-16.51,6.38,0.84,-0.26,-2.03,1.02
1419900.0,-18.73,1.94,-5.34,0.3,1.47,-1.68
1420900.0,-9.2,9.2,2.19,0.91,2.46,-2.1
1421900.0,-16.16,4.16,-2.26,-0.03,-4.37,4.37
1422900.0,-15.49,-1.02,-8.1,0.03,0.78,-1.05
1423900.0,-17.14,0.94,-6.3,0.22,2.07,-2.68
1424900.0,-7.04,9.72,2.86,0.94,1.48,-0.47
1426000.0,-19.54,3.06,-4.45,-0.13,-1.64,0.71
1427000.0,-10.25,9.01,2.96,1.08,0.98,-0.31
1428000.0,-19.53,3.45,-3.12,-0.31,-1.38,0.98
1429100.0,-17.8,0.63,-7.1,0.49,2.06,-2.05
1430000.0,-14.78,7.43,-1.01,0.59,3.35,-2.91
1431000.0,-11.65,5.17,-1.98,-0.55,-3.45,4.37
1432000.0,-19.45,0.77,-7.62,-0.4,-4.37,4.24
1433000.0,-19.48,2.61,-5.24,0.24,0.28,-0.38
1434000.0,-19.61,4.31,-1.81,-0.27,-1.58,0.67
1435000.0,-17.27,7.02,-0.39,-0.01,0.18,-0.68
1436000.0,-17.23,6.32,3.09,-0.36,-1.87,1.43
1437000.0,-19.61,0.64,-5.17,-0.63,-2.52,1.82
1438000.0,-13.33,8.13,0.61,0.96,3.34,-3.07
1439000.0,-16.38,1.69,-5.68,0.31,2.52,-2.35
1440000.0,-17.56,6.12,-2.89,-0.09,0.97,-1.05
1441000.0,-19.61,3.97,-0.94,0.46,4.37,-4.18
1442000.0,-18.78,3.99,-3.02,-0.04,-0.32,0.25
1443000.0,-19.61,3.34,-4.37,0.17,0.76,-0.74
1444000.0,-13.59,8.29,4.47,0.01,-0.27,0.08
1445000.0,-14.71,8.52,-0.35,0.88,2.6,-2.71
1446000.0,-19.48,4.96,-3.0,-0.25,-1.52,1.32
1447000.0,-18.1,3.34,-4.37,0.33,1.37,-2.0
1448000.0,-13.32,8.71,0.65,0.68,2.18,-2.06
1449100.0,-16.97,2.72,-4.91,-0.61,-0.74,0.71
1450000.0,-17.94,3.29,-3.4,-0.42,-1.43,0.93
1451100.0,-19.61,4.21,-3.31,0.07,0.56,-0.59
1452100.0,-18.78,0.64,-7.33,-0.27,-0.54,0.31
1453100.0,-19.07,3.68,-3.86,-0.35,-0.29,0.15
1454100.0,-18.91,6.17,-0.54,-0.38,-3.43,2.17
1455100.0,-17.62,6.91,-2.43,0.13,0.45,-0.89
1456100.0,-19.61,-1.83,-8.82,-0.08,2.36,-1.8
1457100.0,-16.34,0.05,-9.56,0.3,-0.12,-1.15
1458100.0,-18.52,3.8,-4.97,-0.44,-0.27,0.01
1459100.0,-18.79,4.1,-3.68,0.07,1.65,-1.04
1460100.0,-17.73,2.66,-5.97,0.03,-0.17,0.07
1461100.0,-18.86,2.33,-5.57,-0.04,-0.3,0.23
1462100.0,-15.69,2.23,-4.85,0.58,0.96,-0.56
1463100.0,-17.39,2.73,-4.79,0.13,-0.02,0.34
1464100.0,-19.61,4.07,-1.18,0.03,-1.08,0.69
1465100.0,-17.14,7.22,-1.77,-0.08,0.39,-0.87
1466100.0,-11.83,8.29,-0.04,0.54,2.18,-1.9
1467100.0,-12.97,4.48,-0.9,0.16,-3.44,4.37
1468100.0,-18.81,3.6,-5.03,1.29,2.67,-2.94
1469100.0,-19.11,1.33,-6.22,-0.35,-1.76,1.03
1470100.0,-17.75,2.45,-5.53,-0.36,-0.39,0.14
1471100.0,-18.96,5.33,-2.99,0.04,0.34,-0.35
1472100.0,-17.54,3.5,-5.38,2.04,0.24,1.62
1473200.0,-19.61,2.14,-0.32,0.87,2.35,0.6
1474200.0,-16.78,0.61,-1.59,-4.34,-3.33,1.31
1475200.0,-7.28,-6.07,9.0,0.83,0.15,-0.14
1476200.0,-6.02,-7.76,8.71,2.05,4.16,-1.35
1477200.0,-16.75,2.98,6.97,0.05,-0.04,-0.1
1478200.0,-18.62,1.93,5.45,-0.01,-0.36,0.52
1479200.0,-16.08,3.86,5.72,0.05,0.05,0.17
1480200.0,-15.2,1.0,3.22,2.32,0.09,1.74
1481200.0,-19.61,3.63,10.15,-1.63,-0.55,-1.64
1482200.0,-15.86,4.07,6.01,-0.54,-0.41,-0.13
1483200.0,-14.57,4.89,7.7,-0.72,-0.91,-0.27
1484200.0,-15.33,4.69,7.22,0.0,0.0,-0.04
1485300.0,-15.37,3.81,7.29,0.95,0.22,0.22
1486200.0,-18.05,3.02,7.12,0.17,0.04,0.41
1487200.0,-18.78,4.73,5.48,-0.13,0.04,-0.23
1488200.0,-17.16,5.4,5.22,-0.13,-0.31,0.22
1489200.0,-13.7,5.3,3.09,-1.43,-0.45,-0.37
1490200.0,-17.12,3.29,6.19,-0.09,-0.21,0.09
1491200.0,-18.05,3.17,7.1,0.41,0.68,-0.19
1492300.0,-17.77,5.88,3.66,0.87,0.57,-0.17
1493200.0,-17.13,3.95,5.79,-0.12,-0.2,0.41
1494200.0,-18.58,4.6,8.28,0.21,-0.55,-0.08
1495200.0,-18.68,2.74,4.84,0.02,0.1,0.0
1496300.0,-18.85,2.99,5.27,-0.39,-0.42,0.46
1497200.0,-14.71,5.71,3.91,-0.45,-0.89,0.33
1498200.0,-16.97,4.98,4.75,0.49,0.26,-0.51
1499200.0,-12.55,3.77,5.46,1.25,1.2,0.27
1500300.0,-18.19,3.87,4.23,-0.2,-0.17,0.5
1501300.0,-18.82,3.11,6.43,0.95,2.27,-1.15
1502300.0,-17.79,3.76,5.06,-0.4,-0.31,0.53
1503300.0,-18.45,3.12,4.26,0.12,0.07,-0.09
1504300.0,-16.53,2.3,6.41,-0.1,-0.27,0.1
1505300.0,-17.78,3.91,4.61,-0.2,-0.06,-0.16
1506300.0,-16.76,4.78,4.27,-0.36,-0.35,0.49
1507300.0,-16.9,5.1,3.85,0.01,-0.27,-0.29
1508300.0,-19.61,0.64,-0.95,-0.36,-0.81,0.52
1509300.0,-15.58,4.68,5.34,0.01,-0.63,0.22
1510300.0,-19.61,2.72,2.74,-0.41,-0.38,0.36
1511300.0,-16.28,2.14,7.11,-0.39,-1.04,0.41
1512300.0,-17.29,1.93,6.29,-0.88,-0.81,0.51
1513300.0,-17.0,4.13,3.71,0.01,-0.18,-0.35
1514300.0,-19.61,1.46,9.53,0.04,1.03,-0.23
1515300.0,-18.69,3.12,3.85,-0.17,-0.06,0.02
1516300.0,-16.67,3.62,3.49,0.01,-0.82,0.5
1517300.0,-16.86,3.76,4.0,-0.6,-0.85,0.27
1518300.0,-18.2,3.57,4.33,-0.06,-0.04,0.04
1519300.0,-17.98,3.02,4.89,0.09,-0.05,0.1
1520300.0,-16.7,3.4,5.85,1.29,0.19,0.69
1521300.0,-17.66,3.16,5.73,-0.1,0.03,0.05
1522300.0,-17.11,4.19,5.6,-0.45,-0.44,0.13
1523300.0,-17.3,1.61,5.7,0.48,0.4,-0.52
1524300.0,-16.77,3.42,5.43,0.32,-0.89,0.91
1525400.0,-18.65,2.71,4.99,-0.06,0.27,-0.17
1526400.0,-17.93,3.81,5.22,-0.19,-0.1,0.1
1527400.0,-19.61,-1.33,-0.28,0.68,-0.57,0.96
1528400.0,-12.11,6.77,5.17,0.9,0.16,1.02
1529400.0,-19.61,-1.81,-5.25,0.09,2.26,-2.16
1530500.0,-18.58,-1.18,-4.58,-0.02,-0.12,0.03
1531400.0,-17.55,-2.39,-7.33,-0.54,-0.97,0.58
1532400.0,-18.88,-3.4,-7.3,0.26,-0.33,0.52
1533500.0,-18.71,-1.24,-5.09,0.14,0.73,-0.73
1534500.0,-19.61,2.13,-2.0,0.43,0.65,-0.47
1535700.0,-18.06,-3.24,-6.56,-0.08,0.12,-0.28
1536400.0,-17.65,-4.03,-6.48,0.06,-0.13,-0.02
1537400.0,-19.61,-1.42,-4.0,-0.32,-0.75,0.44
1538400.0,-15.25,5.99,4.28,0.08,0.27,-0.44
1539400.0,-15.9,6.53,4.77,0.19,-0.29,0.58
1540400.0,-19.61,-0.82,-3.27,-0.3,-0.19,0.01
1541400.0,-16.87,5.74,2.58,0.72,2.64,-2.07
1542400.0,-14.8,-5.71,-8.01,0.05,0.42,-0.34
1543400.0,-19.61,-0.18,-3.37,0.29,3.85,-3.56
1544400.0,-19.47,-2.83,-4.59,-0.38,-1.65,1.11
1545400.0,-18.67,4.52,3.4,0.07,-0.33,0.14
1546400.0,-19.61,0.85,-1.87,-0.07,0.08,-0.13
1547400.0,-14.13,6.22,3.78,0.23,-0.34,1.41
1548400.0,-18.72,-2.92,-5.22,-0.06,0.91,-1.15
1549500.0,-18.12,-3.71,-6.5,-0.15,-0.4,0.58
1550500.0,-19.61,-4.75,-6.47,-0.71,-3.21,2.01
1551600.0,-19.61,0.2,-5.49,0.7,1.37,-1.51
1552500.0,-19.61,0.08,-3.46,-0.29,-1.56,1.04
1553600.0,-19.61,4.22,-1.08,0.14,1.05,-2.1
1554500.0,-19.61,2.19,-1.99,-0.06,1.04,-1.46
1555600.0,-19.61,3.42,-0.52,-0.14,1.11,-1.51
1556500.0,-19.61,-1.81,-2.63,-0.22,-1.26,0.7
1557500.0,-16.31,-4.37,-6.77,-0.23,-0.34,0.37
1558500.0,-17.8,2.93,0.34,0.32,0.88,-1.54
1559500.0,-9.62,7.02,4.99,1.84,0.81,1.62
1560500.0,-19.61,-1.26,-5.27,-0.28,-0.73,0.3
1561500.0,-16.98,8.2,4.54,0.89,-0.02,0.35
1562500.0,-18.84,4.71,0.39,0.68,2.02,-2.32
1563500.0,-19.61,3.2,-0.34,-0.07,1.02,-1.22
1564500.0,-17.19,0.0,-2.67,-0.66,-4.37,4.37
1565500.0,-19.61,-2.54,-5.88,-0.57,-4.37,3.92
1566500.0,-18.48,-1.18,-5.31,0.15,-0.34,-0.1
1567500.0,-19.61,2.13,1.18,-0.39,-3.28,2.37
1568500.0,-19.04,4.02,1.79,-0.48,-2.06,1.69
1569500.0,-19.61,1.96,-0.88,0.65,1.37,-1.59
1570500.0,-19.61,2.78,-0.82,0.17,1.08,-1.43
1571500.0,-18.19,4.15,-0.32,-0.16,1.04,-1.18
1572500.0,-15.96,5.25,1.18,0.39,1.78,-1.6
1573500.0,-19.36,-3.68,-6.17,-0.22,-1.33,1.03
1574500.0,-19.61,2.39,-0.68,0.01,-0.16,0.02
1575600.0,-19.61,3.65,0.05,-0.04,-0.1,-0.03
1576600.0,-19.61,2.17,-0.93,0.02,0.53,-0.87
1577600.0,-19.61,3.22,-0.42,-0.55,-4.01,2.88
1578600.0,-19.22,-1.28,-4.81,0.39,0.2,-0.31
1579600.0,-19.4,-1.97,-4.54,-0.14,0.03,-0.04
1580600.0,-13.89,7.0,4.88,0.76,-0.4,0.67
1581600.0,-16.62,5.68,2.78,0.61,2.34,-2.36
1582600.0,-19.61,4.29,-1.93,0.5,2.36,-2.26
1583600.0,-19.61,0.89,-1.1,-0.37,-3.1,2.5
1584600.0,-17.34,-3.43,-5.71,0.44,2.11,-2.22
1585600.0,-19.08,-1.7,-5.38,-0.01,0.18,-0.47
1586600.0,-19.18,-1.7,-5.23,-0.04,0.07,-0.05
1587600.0,-15.17,5.02,4.23,0.28,-1.64,1.46
1588600.0,-19.61,-1.82,-5.81,-0.8,-3.36,3.59
1589600.0,-19.36,-2.82,-5.04,0.47,1.16,-1.58
1590600.0,-19.61,2.68,-1.09,0.11,1.18,-1.21
1591600.0,-18.72,-2.32,-5.14,-0.23,-0.4,0.43
1592600.0,-18.25,-4.4,-6.72,-0.39,-2.15,1.91
1593600.0,-18.16,-3.09,-5.78,-0.19,-0.2,0.0
1594600.0,-16.6,5.1,4.05,0.12,-1.38,1.43
1595600.0,-19.04,-2.29,-4.68,-0.1,-0.14,-0.2
1596600.0,-18.56,3.52,2.1,-0.55,-2.46,2.21
1597700.0,-19.61,-4.4,-8.09,-0.47,1.08,-1.53
1598600.0,-18.79,-3.01,-5.65,-0.17,-0.26,0.03
1599600.0,-19.61,0.91,0.69,-0.66,-2.37,1.2
1600700.0,-16.63,4.13,4.02,-0.05,-0.37,0.19
1601700.0,-19.5,-1.67,-3.85,-0.09,-1.65,1.23
1602700.0,-19.61,4.01,3.17,-0.84,1.28,0.24
1603700.0,-5.54,9.07,0.59,1.44,-1.55,-0.62
1604700.0,-16.45,4.11,-6.95,-0.12,-0.18,-0.03
1605700.0,-16.64,4.63,-7.09,-0.37,-0.03,0.25
1606700.0,-8.14,9.32,-3.68,-0.2,0.91,-0.58
1607700.0,-19.61,-0.11,-1.89,-0.4,-0.62,0.79
1608700.0,-11.57,5.92,5.42,1.2,-0.67,1.85
1609700.0,-16.77,-4.01,-7.74,-0.44,-1.61,1.42
1610700.0,-19.61,1.23,-3.81,0.08,0.05,0.33
1611700.0,-19.25,4.56,-0.66,-0.1,1.26,-1.48
1612700.0,-18.15,-2.61,-6.21,0.12,0.25,-0.41
1613700.0,-19.38,3.39,-1.7,-0.08,0.04,-0.03
1614700.0,-19.61,2.79,-1.45,-0.2,0.58,-0.6
1615700.0,-18.83,-1.39,-5.99,0.2,1.27,-1.17
1616700.0,-19.61,2.46,-1.41,-0.08,-0.74,0.54
1617700.0,-19.03,2.45,-1.94,-0.1,-0.52,0.45
1618700.0,-18.52,2.77,-1.8,-0.41,-0.63,0.32
1619700.0,-18.99,1.64,-3.32,-0.08,-0.3,0.26
1620700.0,-19.31,0.86,-3.82,-0.15,-0.32,0.18
1621700.0,-19.02,0.28,-4.82,0.0,0.43,-0.41
1622700.0,-12.84,8.15,2.89,0.76,1.62,-1.48
1623700.0,-19.41,-0.32,-5.61,-0.34,-1.45,1.39
1624800.0,-18.62,0.45,-5.01,0.13,0.65,-0.49
1625800.0,-16.77,-2.2,-8.32,-0.36,-0.67,0.48
1626800.0,-16.69,-2.3,-7.99,-0.2,0.12,-0.2
1627800.0,-14.02,-4.43,-8.62,0.2,0.86,-0.85
1628800.0,-17.64,-0.36,-6.31,-0.25,-1.05,1.07
1629800.0,-18.65,2.04,-2.77,0.38,1.39,-1.22
1630800.0,-19.28,2.74,-2.22,0.06,-1.27,1.04
1631800.0,-19.07,3.86,2.25,-0.43,-2.32,1.87
1632800.0,-19.61,0.61,-2.9,0.51,2.54,-2.99
1633800.0,-11.71,8.15,3.64,0.81,1.64,-0.73
1634800.0,-19.61,-2.65,-3.64,0.82,1.97,-2.17
1635800.0,-17.28,-1.97,-7.34,-0.44,-0.5,-0.07
1636800.0,-17.42,-2.12,-6.57,-0.04,0.31,-0.2
1637800.0,-18.27,-0.54,-2.88,-0.07,-0.67,0.61
1638800.0,-18.6,3.01,1.58,-0.12,-0.24,0.3
1639800.0,-19.61,-1.16,-6.02,0.16,0.83,-0.67
1640800.0,-16.91,4.98,3.05,0.68,-1.23,1.41
1641800.0,-18.75,5.62,-0.56,-0.21,-0.47,0.39
1642800.0,-18.0,-3.17,-7.4,-0.31,-2.62,2.13
1643800.0,-17.4,-2.41,-8.08,-0.14,0.75,-0.79
1644800.0,-17.36,-0.47,-4.78,-0.14,-0.41,0.13
1645800.0,-16.9,-2.94,-8.4,0.6,-0.43,0.55
1646800.0,-16.41,5.13,2.15,0.2,-0.6,0.03
1647800.0,-18.83,1.37,-1.91,-0.41,0.67,-0.12
1648800.0,-18.35,0.91,-5.18,-0.03,0.04,-0.14
1649900.0,-19.32,4.48,0.57,0.04,0.37,-0.25
1650900.0,-18.91,2.56,-3.92,0.01,-0.1,0.03
1651900.0,-19.61,3.28,-0.78,-0.02,0.29,-0.36
1652900.0,-19.61,3.06,-1.36,-0.01,-0.47,-0.68
1653900.0,-16.92,-3.0,-8.22,0.21,3.8,-0.95
1654900.0,-17.97,1.19,-5.04,0.25,0.21,-0.34
1655900.0,-18.05,0.87,3.79,0.35,0.41,-0.56
1656900.0,-19.61,-0.19,0.68,-1.12,-0.16,-0.21
1657900.0,-19.61,-2.0,1.65,0.41,-0.18,-0.11
1658900.0,-18.91,-0.35,-4.06,-0.48,4.34,0.23
1659900.0,-19.61,-1.35,-4.78,-0.1,0.78,-0.8
1660900.0,-19.61,-2.15,2.31,0.33,-0.89,0.39
1661900.0,-11.35,-1.02,10.49,-1.35,-0.85,-0.7
1662900.0,-19.61,-2.63,0.8,-2.17,4.37,1.07
1663900.0,-17.1,-5.91,-2.2,0.08,-1.05,0.16
1664900.0,-17.7,-2.19,-5.82,0.01,-0.59,-0.05
1665900.0,-14.01,2.56,3.17,0.72,-4.21,-2.71
1666900.0,-11.31,-7.56,11.53,-0.79,-0.34,-0.03
1667900.0,-19.61,-2.66,-2.94,-0.25,-0.02,-0.2
1668900.0,-19.61,-2.62,-1.41,-0.32,1.45,-0.39
1676000.0,-19.61,-1.86,-3.24,-0.04,0.03,0.2
1677000.0,-19.27,-0.66,-3.71,-1.71,-1.96,0.11
1678000.0,-19.61,-1.96,-2.81,-0.07,-0.23,-0.07
1679000.0,-18.99,0.86,2.01,-0.15,-1.22,0.59
1680000.0,-15.95,-0.04,8.98,0.36,0.52,-0.45
1681000.0,-13.22,-1.8,10.01,-0.21,-0.16,-0.03
1682000.0,-16.84,-0.53,-8.5,1.49,-4.37,4.37
1683000.0,-18.66,1.12,6.54,0.55,0.97,-0.91
1684000.0,-16.24,-0.55,8.37,2.18,0.94,-0.81
1685000.0,-14.42,-0.92,9.67,-0.51,0.4,-0.06
1686000.0,-19.61,1.32,-1.76,-2.35,4.37,0.16
1687000.0,-16.52,0.37,-8.25,-0.34,-0.66,-0.2
1688000.0,-10.69,2.81,8.79,0.23,-0.21,0.28
1689000.0,-9.03,4.08,8.9,-0.49,-0.48,-0.03
1690000.0,-8.22,2.91,9.57,-0.22,0.02,-0.12
2297300.0,-19.61,-4.02,-3.34,0.87,-4.37,-0.38
2298300.0,-19.27,-3.76,-1.73,1.87,2.63,1.72
2299300.0,-19.61,-2.76,5.5,0.27,4.37,-0.72
2300300.0,-13.93,-0.36,-9.75,-0.41,-0.86,-1.07
2301300.0,-16.24,-0.13,-2.59,1.33,-1.63,0.08
2302300.0,-10.9,-7.39,9.68,-1.92,-1.88,0.39
2303300.0,-3.91,10.81,-1.66,1.01,4.37,1.42
2304300.0,-16.87,-3.36,-7.47,0.44,1.03,1.01
2305300.0,-16.16,1.61,11.71,0.09,-4.37,0.94
2306300.0,-14.85,-0.37,1.41,-3.32,4.37,-4.29
2307300.0,-19.47,-0.1,3.57,-0.59,-0.41,-0.12
2308400.0,-19.61,-4.26,-1.01,-0.79,2.52,-0.64
2309400.0,-19.61,-10.02,-1.66,0.25,-1.66,-1.29
2310400.0,-19.61,-4.82,-4.06,0.84,4.37,0.92
2311400.0,-19.61,0.22,1.2,-1.24,-2.06,3.09
2312400.0,-18.6,3.03,4.39,1.83,4.37,-1.36
2313400.0,-18.0,0.27,5.48,-0.73,-1.84,1.38
2314400.0,-19.61,-1.17,0.19,-0.23,0.51,0.72
2315400.0,-19.61,-2.37,1.16,0.06,-0.44,-0.76
2316400.0,-10.74,0.5,7.13,-1.34,-4.37,2.64
2317400.0,-12.56,-3.61,8.51,-0.37,-0.34,0.21
2318400.0,-3.17,-8.05,-8.79,0.75,4.37,-2.35
2319400.0,-11.13,5.9,-9.54,-1.47,1.02,-2.34
2320400.0,-12.61,-6.23,-9.89,0.4,-0.98,-0.92
2321400.0,-12.69,-5.95,-7.65,-0.01,0.09,0.38
2322400.0,-6.0,8.36,0.44,0.13,-0.17,0.27
2323400.0,-14.11,-9.36,-3.45,-0.13,-1.21,-0.35
2324400.0,-19.11,-2.44,-3.45,-0.29,-0.11,-0.26
2325400.0,-19.01,-3.07,-4.37,-0.14,0.16,-0.03
2326400.0,-18.68,-2.98,-4.4,-0.12,0.22,-0.06
2327400.0,-18.74,-2.98,-4.84,0.0,-0.14,0.05
2328400.0,-18.65,-3.34,-4.54,-0.01,0.1,0.07
2329400.0,-18.71,-3.32,-4.85,-0.05,-0.07,0.05
2330400.0,-18.94,-3.37,-4.4,-0.18,0.1,0.03
2331400.0,-18.13,-2.58,-3.68,-0.02,-0.45,0.03
2332400.0,-18.73,-2.98,-4.04,-0.04,0.03,-0.01
2333500.0,-18.87,-3.06,-4.15,-0.1,-0.19,0.06
2334500.0,-19.38,-3.36,-4.22,-0.09,0.15,-0.04
2335500.0,-19.23,-2.79,-4.92,-0.18,0.05,0.06
2336500.0,-17.38,-2.57,-3.17,-0.11,0.15,-0.05
2337500.0,-18.33,-3.25,-4.76,-0.02,-0.16,0.05
2338500.0,-19.4,-3.43,-4.55,-0.06,-0.26,0.07
2339500.0,-18.21,-2.93,-3.47,-0.01,-0.19,-0.05
2340500.0,-9.62,-9.52,-1.89,-0.03,-0.59,0.01
2341500.0,-10.42,-9.42,-0.07,-0.01,-0.39,-0.3
2342500.0,-11.42,-8.75,4.02,-0.08,0.11,0.15
2343500.0,-11.09,-9.06,3.49,-0.18,-0.2,0.14
2344500.0,-11.43,-8.86,3.93,-0.05,-0.13,-0.01
2345500.0,-11.74,-8.68,3.92,-0.05,-0.3,-0.01
2346500.0,-11.47,-3.29,-1.93,-4.37,2.46,-1.21
2347500.0,-17.53,-11.55,-8.15,0.09,-4.37,-4.37
2348500.0,-8.56,-5.82,-2.24,-1.41,-0.98,-0.06
2349500.0,-14.04,-3.64,11.73,-0.07,-0.25,0.2
2350500.0,-13.38,-1.9,9.04,0.16,-0.29,-0.21
2351500.0,-14.42,-0.87,8.78,-0.11,-0.07,0.01
2352600.0,-13.92,-1.36,8.98,-0.35,-0.09,0.12
2353500.0,-13.78,-1.52,8.92,-0.06,-0.07,0.02
2354500.0,-13.61,-1.2,8.95,-0.03,-0.06,0.06
2355500.0,-13.27,-1.24,9.45,-0.44,-0.73,-0.25
2356500.0,-11.43,-8.59,3.8,-0.67,-0.46,-0.01
2357600.0,-13.71,-0.96,9.2,-0.09,-0.05,0.08
2358600.0,-14.19,-1.13,8.87,-0.08,-0.1,0.0
2359600.0,-14.28,-1.16,8.79,-0.07,-0.05,0.04
2360600.0,-14.24,-1.02,8.77,-0.06,-0.08,0.01
2361600.0,-13.01,-1.59,9.09,-0.09,-0.22,-0.16
2362600.0,-13.88,-0.8,9.05,0.0,0.0,0.01
2363600.0,-10.64,-15.98,-8.08,-3.29,0.57,-0.2
2364600.0,-13.83,-12.21,-1.05,0.37,1.46,3.48
2365600.0,-17.99,-4.25,-2.5,0.0,0.01,-0.21
2366600.0,-18.26,-4.44,-3.79,-0.07,0.03,0.04
2367600.0,-18.52,-5.84,-5.53,-0.15,0.36,-0.16
2368600.0,-18.87,-4.28,-3.52,-0.68,-0.57,-0.11
2369600.0,-19.02,-3.9,-4.14,-0.09,-0.13,0.05
2370600.0,-18.29,-4.3,-4.81,-0.19,-0.08,0.08
2371600.0,-18.27,-4.1,-4.59,-0.04,-0.21,0.04
2372800.0,-18.17,-3.89,-4.5,-0.09,-0.2,0.02
2373700.0,-18.53,-3.9,-4.32,-0.08,0.07,-0.02
2374600.0,-18.84,-3.97,-4.48,-0.02,-0.04,0.03
2375600.0,-18.3,-3.79,-3.9,-0.1,0.05,-0.02
2376700.0,-18.83,-3.79,-3.61,0.0,-0.39,0.09
2377600.0,-18.53,-3.76,-3.63,-0.14,0.16,-0.06
2378600.0,-19.28,-4.02,-4.02,0.01,0.09,-0.06
2379600.0,-18.38,-4.45,-4.54,0.17,0.08,-0.09
2380600.0,-19.61,-5.78,-4.16,-0.16,-0.04,0.07
2381700.0,-19.61,-3.68,-3.37,-0.14,-0.11,-0.06
2382700.0,-16.58,-12.75,-2.75,-1.14,-1.07,-3.13
2383700.0,-10.86,-8.07,1.92,-1.32,4.11,-1.22
2384700.0,-11.51,-8.76,3.95,0.03,-0.08,0.05
2385700.0,-12.13,-8.92,3.98,0.04,-0.14,0.02
2386700.0,-11.34,-10.25,-0.37,0.46,-0.54,0.7
2387700.0,-6.51,5.93,-2.31,-0.02,-1.27,-0.05
2388700.0,-11.41,-8.36,0.72,-0.44,-0.94,-0.12
2389700.0,-11.5,-5.46,6.2,2.47,-0.88,0.65
2390700.0,-13.47,-1.45,9.01,-0.09,-0.09,0.04
2391700.0,-13.8,-1.1,9.04,-0.07,-0.09,0.02
2392700.0,-14.0,-1.23,9.02,-0.17,-0.1,0.06
2393700.0,-14.31,-0.95,8.96,-0.06,-0.07,0.01
2394700.0,-9.09,-11.28,6.14,-1.71,3.09,-1.29
2395700.0,-19.61,-6.14,7.07,2.02,0.2,0.43
2396700.0,-14.0,-0.9,8.89,-0.07,-0.04,0.01
2397700.0,-14.2,-1.21,8.76,-0.04,-0.11,0.02
2400300.0,-14.06,-1.21,8.83,-0.04,-0.02,0.07
2400400.0,-14.29,-0.94,8.87,-0.08,-0.23,-0.03
2400700.0,-13.96,3.8,-1.44,3.34,-1.36,0.84
2401700.0,-12.13,-5.56,7.74,-0.26,-0.16,0.1
2402700.0,-11.88,-6.03,7.57,-0.11,-0.1,-0.08
2403700.0,-12.09,-5.91,7.41,-0.04,-0.05,0.01
2404700.0,-11.82,-5.93,7.49,-0.05,-0.08,0.02
2405700.0,-11.95,-5.83,7.56,-0.07,-0.08,0.01
2406700.0,-11.86,-5.76,7.6,-0.06,-0.04,0.03
2407700.0,-12.6,-6.43,8.49,0.37,0.65,0.55
2408800.0,-14.25,-2.81,8.83,-0.16,0.06,-0.08
2409800.0,-15.38,-3.04,7.66,0.05,0.07,0.03
2410800.0,-16.09,-3.44,7.35,-0.03,-0.07,-0.09
2411800.0,-15.66,-2.47,7.57,0.06,-0.13,-0.14
2412800.0,-16.23,-2.18,7.55,-0.01,-0.07,0.02
2413800.0,-13.85,0.22,5.91,0.74,-1.22,0.86
2414800.0,-13.0,-1.45,9.24,-0.06,-0.06,0.08
2415800.0,-13.05,-1.2,9.14,-0.11,-0.05,0.06
2416800.0,-9.31,-5.01,2.4,-2.74,-0.78,0.18
2417800.0,-11.61,-11.81,1.07,-1.72,-1.46,-1.48
2418800.0,-16.37,-12.92,0.44,2.73,2.9,4.36
2419800.0,-18.29,-3.58,-3.44,-0.11,0.31,-0.18
2420800.0,-19.61,-4.63,-2.14,0.06,-0.14,-0.1
2421800.0,-18.0,-4.55,-3.83,0.09,-0.19,0.13
2422800.0,-18.09,-5.12,-4.44,0.09,-0.13,0.26
2423800.0,-17.43,-4.64,-4.49,-0.1,-0.23,0.09
2424800.0,-17.97,-4.74,-4.3,-0.08,0.13,-0.09
2425800.0,-19.61,-5.24,-4.65,-0.25,-0.47,0.75
2426800.0,-19.61,-12.98,-2.35,-0.99,-2.56,-0.13
2427800.0,-15.1,-7.16,17.14,-0.2,-4.37,2.24
2428800.0,-9.47,-10.21,1.93,0.18,-0.14,1.24
2429800.0,-10.46,-9.69,-0.14,0.52,-1.99,0.55
2430800.0,-10.64,-10.22,1.38,0.91,0.01,0.54
2431800.0,-10.1,-9.15,-0.51,-1.56,0.5,-0.49
2432900.0,-10.38,-9.2,-0.11,-0.38,-0.48,-0.35
2433900.0,-11.98,-8.32,4.21,-0.21,-0.04,0.37
2434900.0,-11.88,-8.84,4.42,-0.04,-0.21,0.01
2435900.0,-12.01,-9.28,3.29,-0.2,-0.11,-0.27
2436900.0,-11.33,-7.56,-2.29,-0.67,-0.34,-0.07
2437900.0,-11.34,-9.75,-1.38,-0.29,-0.47,-0.24
2438900.0,-11.82,-10.75,7.66,2.37,-0.15,1.31
2439900.0,-13.19,-1.35,9.17,-0.06,-0.14,0.04
2440900.0,-13.6,-1.09,9.15,-0.03,0.06,0.08
2441900.0,-14.2,-1.26,8.9,-0.08,-0.14,0.02
2442900.0,-14.07,-1.0,8.9,-0.08,-0.07,0.02
2443900.0,-13.88,-1.03,9.19,-0.08,-0.23,-0.06
2444900.0,-12.68,-1.36,9.66,0.04,0.1,0.2
2445900.0,-14.83,-0.45,8.64,-0.11,-0.12,-0.01
2446900.0,-13.97,-0.94,9.07,-0.07,-0.16,-0.02
2447900.0,-13.33,-1.33,9.2,0.07,-0.14,0.05
2448900.0,-13.22,-1.01,9.18,-0.1,-0.2,-0.09
2449900.0,-13.01,-1.28,9.22,-0.05,-0.11,0.02
2450900.0,-12.33,-13.49,8.02,-1.78,0.36,-0.54
2451900.0,-10.18,-14.25,-1.87,-2.68,2.69,-0.66
2452900.0,-15.23,-11.33,0.44,0.62,1.91,2.81
2453900.0,-18.81,-5.08,-2.6,-0.14,-0.24,-0.16
2454900.0,-17.88,-5.26,-4.05,0.03,-0.16,0.05
2455900.0,-17.2,-5.08,-4.36,-0.15,-0.05,-0.16
2457000.0,-18.25,-5.72,-5.07,-0.15,0.04,0.0
2458000.0,-19.61,-3.5,-3.78,-1.95,-0.75,-3.1
2459000.0,-17.48,-5.54,-4.16,-0.01,-0.18,0.12
2460000.0,-17.54,-5.52,-3.83,-0.1,-0.22,-0.01
2461000.0,-18.09,-5.75,-3.08,-0.15,-0.1,-0.02
2462000.0,-17.68,-6.08,-3.5,-0.09,-0.12,-0.05
2463000.0,-17.73,-5.78,-3.25,-0.1,0.03,-0.05
2464000.0,-7.36,-8.5,-3.01,-0.71,0.71,-0.24
2465000.0,-7.95,-9.1,1.71,-0.05,0.26,-0.28
2466000.0,-11.44,-8.79,3.75,-0.14,0.13,0.05
2467000.0,-11.86,-8.65,3.59,-0.06,0.04,0.02
2468000.0,-9.67,-10.5,2.49,-2.6,-0.63,0.35
2469000.0,-13.29,-8.56,2.35,-1.33,-0.02,-0.27
2470000.0,-10.51,-9.42,0.43,-0.07,-1.22,0.1
2471000.0,-9.27,-10.28,3.6,3.58,-1.67,1.48
2472000.0,-13.39,-1.23,9.17,-0.09,-0.14,0.01
2473000.0,-13.92,-0.8,8.92,-0.04,0.06,0.11
2474000.0,-13.97,-1.17,9.0,-0.11,-0.07,0.0
2475000.0,-14.26,-1.02,8.82,-0.06,-0.05,0.06
2476000.0,-13.98,-0.71,8.98,-0.21,-0.48,-0.27
2477000.0,-12.72,-2.76,8.0,1.08,-1.38,0.62
2478000.0,-13.96,-1.03,9.09,-0.06,0.02,0.09
2479000.0,-14.22,-1.05,8.83,-0.05,-0.01,0.07
2480000.0,-14.27,-0.93,8.94,-0.09,-0.12,0.0
2481000.0,-11.93,-11.04,4.44,-1.28,0.28,0.68
2482000.0,-11.72,-4.72,8.22,-0.08,-0.05,-0.14
2483100.0,-9.06,-5.12,7.8,-0.3,0.18,-0.03
2484100.0,-10.76,-5.62,7.97,-0.04,-0.1,0.01
2485100.0,-10.61,-5.55,7.93,-0.07,-0.06,0.01
2486100.0,-10.59,-5.47,7.96,-0.08,-0.08,0.0
2487100.0,-10.64,-5.35,7.92,-0.06,-0.06,0.02
2488100.0,-10.58,-5.55,8.04,-0.06,-0.1,0.01
2489100.0,-10.52,-5.57,7.97,-0.06,-0.07,-0.01
2490100.0,-10.45,-5.63,7.82,-0.04,-0.12,0.03
2491100.0,-10.36,-5.51,7.88,-0.11,-0.11,-0.06
2492100.0,-13.94,-3.6,7.98,0.13,-0.08,0.3
2493100.0,-13.97,-3.69,8.22,-0.06,-0.07,-0.08
2494100.0,-13.93,-4.35,8.26,-0.14,-0.15,0.01
2495100.0,-13.12,-4.07,8.36,-0.04,-0.02,-0.15
2496100.0,-14.53,-3.74,7.0,-0.78,-0.89,-0.13
2497100.0,-11.27,-5.73,7.63,-0.07,0.02,0.09
2498100.0,-11.74,-5.72,7.74,-0.09,-0.09,0.02
2499100.0,-11.76,-5.56,7.84,-0.1,-0.11,0.07
2500100.0,-11.32,-5.48,7.88,-0.09,-0.1,-0.01
2501100.0,-11.27,-5.5,7.86,-0.04,-0.01,0.0
2502100.0,-11.13,-5.71,7.97,-0.04,-0.08,-0.02
2503100.0,-10.72,-5.76,7.76,-0.07,-0.09,-0.02
2504100.0,-11.27,-5.67,7.82,-0.11,-0.12,0.01
2505100.0,-11.11,-5.64,7.87,-0.11,-0.13,0.02
2506100.0,-11.14,-5.6,7.79,-0.1,-0.14,0.02
2507200.0,-11.04,-5.57,7.95,-0.07,-0.09,0.03
2508200.0,-11.33,-5.48,7.92,-0.09,-0.13,-0.01
2509200.0,-11.18,-5.33,7.93,-0.03,-0.01,0.0
2510200.0,-11.04,-5.61,7.77,-0.03,0.01,0.0
2511200.0,-15.05,-6.26,7.48,1.19,-0.07,0.42
2512200.0,-13.63,-0.68,9.22,-0.06,0.05,0.18
2513200.0,-14.54,-0.65,8.79,-0.08,-0.06,-0.03
2514200.0,-14.17,-0.78,8.91,0.05,-0.18,-0.01
2515200.0,-12.86,-0.95,9.29,-0.53,-0.73,-0.39
2516200.0,-11.33,-6.36,6.99,0.04,0.9,-0.02
2517200.0,-14.56,-0.75,8.91,0.09,-0.06,-0.15
2518200.0,-14.97,-0.62,8.6,-0.18,-0.06,0.01
2519200.0,-14.96,-0.59,8.59,-0.06,-0.1,0.04
2520200.0,-15.1,-0.85,10.34,-1.83,-2.05,-0.67
2521200.0,-13.2,-7.7,6.28,-0.85,0.23,-0.12
2522200.0,-15.23,-6.68,6.15,-0.29,-0.27,-0.01
2523200.0,-10.02,-5.1,7.46,-1.06,0.39,0.01
2524200.0,-12.08,-1.47,9.34,0.16,0.2,0.4
2525200.0,-13.6,-0.97,9.28,-0.08,-0.11,-0.04
2526200.0,-13.52,-1.16,9.42,-0.43,-0.78,-0.05
2527200.0,0.35,-6.28,-3.02,-1.54,-1.28,0.34
2528200.0,-15.78,-6.94,5.57,0.45,-1.07,1.83
2529200.0,-19.61,8.5,-1.11,0.45,1.57,0.11
2530200.0,-19.61,3.84,-7.74,-2.57,1.47,-1.75
2531200.0,-17.5,-9.71,-7.34,-0.3,-1.71,-0.01
2533800.0,-18.71,-8.13,-3.95,-0.26,-1.7,0.49
2534000.0,-16.66,1.25,6.78,0.18,-1.27,1.78
2534300.0,-16.75,2.82,7.22,-0.76,0.23,-0.77
2535300.0,-13.87,6.03,8.6,-0.25,0.0,-0.12
2536300.0,-19.61,-2.21,18.08,0.67,2.03,0.0
2537300.0,-16.03,0.9,9.29,1.35,2.57,-1.58
2538300.0,-17.43,-5.5,2.29,2.01,-2.19,0.47
2539300.0,-9.63,-8.63,5.07,0.17,0.08,-0.01
2540300.0,-9.68,-8.16,5.03,-0.05,-0.22,0.07
2543200.0,-9.73,-8.27,5.14,-0.09,-0.1,0.04
2543600.0,-9.54,-8.29,4.87,-0.07,-0.14,0.06
2543600.0,-9.73,-8.24,5.02,-0.07,-0.09,0.02
2544300.0,-9.83,-8.25,5.07,-0.12,-0.06,0.03
2545300.0,-9.85,-8.34,4.76,-0.07,-0.08,0.01
2569800.0,-13.04,-8.1,4.59,-0.07,-0.15,0.01
2572600.0,-12.71,-8.09,4.97,-0.09,-0.13,0.02
2572600.0,-13.48,-8.52,4.76,-0.14,-0.21,0.12
2573100.0,-12.33,-8.29,4.47,0.03,0.03,-0.05
2573800.0,-11.78,-8.4,5.0,0.07,-0.36,0.02
2574800.0,-11.92,-7.82,5.48,-0.21,-0.02,-0.16
2575800.0,-11.69,-8.83,4.11,-0.13,-0.13,0.05
2576800.0,-11.73,-8.54,4.43,-0.07,0.02,-0.04
2577800.0,-11.73,-8.65,4.38,-0.11,-0.25,0.08
2578800.0,-18.86,-9.86,-0.34,-0.19,4.37,0.64
2579800.0,-17.9,-3.92,-1.63,-1.32,2.89,-1.73
2580800.0,-13.59,0.49,6.73,0.27,-0.77,2.83
2581800.0,-8.01,-8.02,3.91,0.38,-0.26,0.5
2582800.0,-15.68,-10.83,-2.74,-3.45,4.37,0.72
2583800.0,-12.93,-8.09,-5.49,1.05,-0.7,0.55
2584800.0,-19.61,-12.16,8.16,-3.46,0.57,1.25
2585800.0,-14.86,-8.72,-4.9,-4.19,3.45,-1.03
2586800.0,-17.59,1.66,-12.91,-4.37,2.85,-0.85
2587800.0,-17.68,-4.8,-6.06,-4.03,4.37,-3.46
2588800.0,-14.32,-3.52,-3.18,0.78,0.28,-0.92
2589800.0,-17.95,-5.57,-5.43,-0.03,0.46,0.53
2590800.0,-19.01,-5.49,-7.43,-3.96,2.22,-1.03
2591800.0,-12.35,-3.34,-6.41,-1.4,4.37,-4.37
2592800.0,-13.12,-3.49,10.75,-1.3,-2.94,1.44
2593800.0,-19.61,-0.68,1.01,-0.04,0.06,-0.41
2594800.0,-11.79,1.35,9.35,0.34,0.05,0.58
2595800.0,-13.98,3.59,7.71,-0.93,-0.18,0.05
2596800.0,-10.24,3.3,8.21,-0.01,0.79,-1.66
2597800.0,-9.51,3.44,5.7,0.87,-0.42,0.74
2598900.0,-14.14,-1.94,6.97,0.34,-0.69,0.85
2599900.0,-16.04,-4.48,6.28,-0.99,-0.61,0.17
2600900.0,-8.68,-12.65,4.45,1.45,-0.43,2.38
2601900.0,-11.34,-8.63,2.82,0.25,0.95,1.41
2602900.0,-9.7,-6.51,4.77,-0.19,0.21,-0.02
2603900.0,-9.97,-8.37,5.22,-0.2,0.67,-0.41
2604900.0,-9.29,-8.71,4.2,-0.09,-0.03,-0.02
2605900.0,-9.58,-8.14,3.93,-0.05,-0.13,0.33
2606900.0,-17.01,-6.64,-2.23,0.92,0.59,0.44
2607900.0,-19.61,-6.24,-1.01,0.74,0.24,1.23
2608900.0,-17.01,-5.35,-5.23,-0.13,-0.13,-0.17
2609900.0,-16.64,-5.93,-5.11,-0.38,-0.08,-0.27
2610900.0,-15.64,-6.14,-6.17,0.07,-0.03,0.43
2611900.0,-16.77,-5.51,-4.79,0.2,-0.54,-0.03
2612900.0,-16.92,-6.63,-3.59,0.09,-0.08,0.05
2613900.0,-16.77,-6.9,-2.6,0.19,0.14,0.11
2614900.0,-14.09,-9.72,-4.79,-0.11,0.1,0.08
2615900.0,-16.04,-7.52,-2.87,-0.31,-0.16,0.59
2616900.0,-19.48,-4.73,-5.17,0.67,0.06,0.16
2617900.0,-14.63,-4.16,-7.93,-1.43,0.04,-0.99
2618900.0,-11.8,-5.24,-7.75,-0.4,-0.75,-0.46
2619900.0,-16.98,-4.27,-7.89,-0.54,-0.66,-0.01
2620900.0,-16.08,-4.41,-5.07,-0.1,0.3,-0.05
2621900.0,-17.26,-6.12,-5.19,0.05,-0.28,-0.21
2622900.0,-16.81,-6.65,-4.16,-0.15,-0.18,-0.04
2624000.0,-15.83,-8.31,-3.89,-0.15,0.16,0.12
2625000.0,-14.42,-8.75,-3.33,-0.13,0.04,-0.18
2626000.0,-14.28,-9.54,-3.34,-0.66,0.38,-0.45
2627000.0,-16.37,-7.62,-2.73,0.0,0.14,0.05
2628000.0,-16.13,-7.88,-2.53,-0.2,-0.14,0.03
2629000.0,-16.46,-7.84,-3.01,0.03,-0.26,0.06
2630000.0,-18.35,-3.03,-1.92,-0.92,0.69,0.2
2631000.0,-18.58,-0.74,2.66,-0.36,-0.87,0.41
2632000.0,-19.61,-3.46,-0.35,0.56,-0.07,0.62
2633000.0,-18.73,4.22,3.69,0.08,-0.89,0.77
2634000.0,-18.63,0.26,-0.44,0.26,-0.17,0.13
2635000.0,-19.58,-3.88,-3.17,0.04,-0.48,-0.06
2636000.0,-16.86,2.69,1.94,-0.73,-1.19,2.48
2637000.0,-17.76,3.76,6.24,-0.55,-0.14,-0.28
2638000.0,-15.68,4.72,0.18,1.14,2.35,-3.8
2639000.0,-18.29,-4.42,-4.35,0.7,0.31,0.13
2640000.0,-18.34,-4.84,-4.89,-0.34,-0.78,0.67
2641000.0,-19.61,-1.6,-0.46,-0.51,-0.31,0.0
2642100.0,-17.97,-4.97,-4.1,-0.06,-0.35,0.2
2643000.0,-18.75,-4.19,-5.48,-0.05,-0.08,0.04
2644000.0,-17.33,-5.44,-4.63,0.21,0.24,-0.09
2645000.0,-16.84,-5.72,-3.83,0.1,-0.21,-0.05
2646000.0,-17.02,-7.04,-2.67,0.02,-0.06,-0.02
2647000.0,-17.17,-6.7,-3.16,-0.07,-0.16,0.13
2648100.0,-18.48,-5.73,-3.09,-0.51,-1.83,0.8
2649100.0,-15.1,-6.18,6.82,0.15,-0.66,0.27
2650100.0,-17.79,-4.54,-4.84,-0.09,-0.29,0.2
2651100.0,-18.31,2.8,3.24,-0.56,1.55,-1.34
2652100.0,-19.61,-3.83,-3.53,0.29,1.04,-0.77
2653100.0,-19.61,-2.06,-2.16,0.17,-0.19,0.12
2654100.0,-18.87,-3.32,-4.24,-0.21,1.03,-0.93
2655100.0,-17.68,-5.38,-4.92,-0.37,-2.17,1.06
2656100.0,-19.37,-2.91,-4.72,-1.88,-0.15,0.97
2657100.0,-18.74,-2.5,-1.3,0.44,2.02,-0.18
2658100.0,-19.61,5.83,4.56,-0.2,-1.7,1.41
2659100.0,-13.43,6.32,3.22,1.24,1.45,-2.24
2660100.0,-19.61,-1.03,-2.63,1.0,1.65,-0.43
2661100.0,-19.61,-2.56,-3.02,-0.61,0.1,-0.49
2662100.0,-18.82,-3.74,-5.3,0.17,-1.3,0.8
2663100.0,-19.61,-2.04,2.43,-1.1,1.04,-0.63
2664100.0,-19.5,-0.62,1.86,-0.72,0.38,-0.93
2665100.0,-17.55,4.4,1.2,-0.4,-0.58,0.02
2666100.0,-19.61,2.27,2.33,-0.97,-0.4,-0.11
2667100.0,-19.61,-1.83,0.81,-0.54,-0.7,-0.02
2668100.0,-19.61,-3.16,-1.68,-0.34,-1.3,0.5
2669100.0,-17.91,0.41,2.07,-0.91,-2.01,0.41
2670100.0,-18.15,-6.41,-6.96,-0.5,-2.07,0.69
2671100.0,-19.05,-1.18,4.31,-0.03,-0.22,-0.21
2672200.0,-18.91,-3.74,-4.27,2.05,0.68,0.68
2673200.0,-15.54,-6.81,-5.38,0.28,-0.47,0.5
2674200.0,-17.0,-6.39,-3.15,-0.03,-0.17,0.34
2675200.0,-18.27,-4.01,-3.46,0.27,-0.24,-0.01
2676200.0,-18.58,1.43,4.12,-0.96,-0.18,-1.04
2677200.0,-19.61,0.19,-0.49,0.34,-0.13,0.56
2678200.0,-19.61,-3.02,-1.54,0.02,-0.12,-0.37
2679200.0,-18.83,-4.54,-2.74,-0.34,0.12,-0.2
2680200.0,-17.66,-3.85,-2.93,0.42,-0.73,0.59
2681200.0,-19.48,-3.05,-0.86,-0.25,-0.5,0.04
2682200.0,-18.1,-4.42,-1.41,0.12,0.4,-0.15
2683200.0,-17.62,-6.75,-1.77,-0.39,-0.33,-0.05
2684200.0,-15.22,-8.8,-1.68,-0.05,-0.79,0.17
2685200.0,-15.69,-9.07,-2.23,-0.1,-1.06,0.34
2686200.0,-16.73,-7.51,-0.31,-0.58,-0.77,-0.38
2687200.0,-12.36,-11.72,3.33,-0.39,-0.57,0.05
2688200.0,-13.83,-9.23,0.21,0.03,0.36,0.56
2689200.0,-14.61,-9.01,2.59,-0.1,0.02,-0.5
2690200.0,-13.89,-6.11,-6.26,-0.77,-0.62,-0.28
2691200.0,-18.05,-3.13,-4.41,-0.37,0.28,-0.22
2692200.0,-19.06,-3.8,-7.42,-1.99,2.89,3.52
2693200.0,-19.25,-11.67,2.94,-2.41,-0.12,-3.96
2694200.0,-13.95,-8.58,1.83,0.05,-0.35,0.15
2695200.0,-14.75,-8.07,5.7,-0.01,-0.19,-0.78
2696200.0,-11.27,-8.93,-5.61,-0.77,-0.12,-0.43
2697200.0,-11.49,-4.82,-8.86,-0.14,0.08,0.0
2698300.0,-12.2,-8.73,-4.52,0.64,-0.19,0.1
2699300.0,-11.91,-5.75,-8.02,-0.52,0.39,0.33
2700300.0,-15.75,-4.83,-8.17,0.14,-1.1,0.51
2701300.0,-14.5,-5.55,-7.95,-0.44,-0.4,0.21
2702300.0,-15.72,-4.61,-6.27,-0.24,-1.42,-0.12
2703300.0,-17.33,-6.02,-4.19,0.21,-0.5,-0.23
2704300.0,-15.79,-6.8,-5.68,-0.55,0.11,-0.44
2705300.0,-15.44,-6.55,-5.37,-0.06,-0.16,0.27
2706300.0,-16.37,-4.23,-5.22,-0.76,0.08,-0.31
2707300.0,-19.61,-3.04,0.65,1.26,1.08,1.11
2708300.0,-15.08,-4.86,-7.4,0.13,0.62,0.2
2709300.0,-18.36,-4.02,-2.42,0.83,1.68,1.99
2710300.0,-17.83,-3.15,-7.59,0.15,-1.23,0.46
2711300.0,-17.81,-0.25,3.68,0.73,-0.93,0.68
2712300.0,-17.23,1.79,5.15,0.07,1.12,-0.88
2713300.0,-17.46,-1.49,6.79,-0.45,-0.09,0.09
2714300.0,-19.51,-4.24,-1.56,0.36,3.75,-1.28
2715300.0,-18.84,-3.49,-1.18,0.07,-2.09,0.34
2716300.0,-18.1,-3.55,6.08,0.56,-0.66,0.11
2717300.0,-19.18,-5.86,-2.22,-0.19,1.05,-0.85
2718300.0,-19.13,-6.36,-1.23,0.42,3.55,-1.21
2719300.0,-19.61,-3.25,2.88,-0.02,0.85,0.03
2720300.0,-16.07,-2.7,5.76,-0.19,-1.6,0.69
2721300.0,-16.9,-3.78,6.01,-0.78,-3.73,0.76
2722300.0,-19.61,-3.08,1.48,-0.56,-3.42,0.91
2723400.0,-19.61,-4.15,-1.8,-0.15,-1.26,-0.04
2724400.0,-19.61,-5.17,0.33,0.57,1.01,-0.51
2725400.0,-17.23,-3.61,1.64,0.0,4.03,-1.19
2726400.0,-17.48,-2.0,4.9,-0.11,1.16,-0.58
2727400.0,-18.35,-2.71,5.24,-0.77,-4.32,1.59
2728400.0,-19.03,-5.61,-4.84,-0.31,1.57,-0.42
2729400.0,-18.52,-4.06,1.26,0.14,-0.87,0.39
2730400.0,-18.05,-1.93,2.5,-0.67,-0.92,0.17
2731400.0,-19.61,-5.62,-3.78,-0.19,0.14,-0.64
2732400.0,-16.66,-2.43,3.22,0.16,1.36,-0.65
2733400.0,-18.18,-1.74,5.2,0.04,0.44,-0.05
2734400.0,-16.55,-1.0,6.47,-0.77,-4.04,1.97
2735400.0,-19.52,-3.95,-0.45,0.67,-1.29,0.51
2736400.0,-18.97,-3.93,0.76,-0.08,0.62,-0.38
2737400.0,-17.01,-6.87,0.18,1.72,1.84,-0.73
2738400.0,-8.01,-7.88,-2.45,2.35,-1.48,0.73
2739400.0,-12.04,-8.83,-1.04,1.95,2.14,0.05
2740400.0,-9.41,-2.82,1.75,-0.03,-1.89,2.13
2741400.0,-12.55,0.29,9.9,-0.06,-0.14,0.01
2742400.0,-15.21,0.61,8.35,-0.81,0.02,0.17
2743400.0,-18.92,3.55,3.62,0.79,-0.83,-0.29
2744400.0,-14.69,-1.37,-0.79,-3.56,-3.9,-0.29
2745400.0,-10.09,-3.23,3.67,-2.65,0.22,-0.97
2746400.0,-14.51,-7.95,9.05,-0.36,-2.86,-0.36
2747400.0,-18.83,-9.01,2.25,0.1,-1.29,-0.59
2748500.0,-18.09,-1.44,8.23,2.22,0.16,4.08
2749500.0,-13.39,-5.8,7.03,0.32,-1.79,-0.34
2750500.0,-16.65,-9.12,-2.07,-0.5,0.59,0.28
2751500.0,-16.66,-7.18,-3.49,-0.47,0.2,-0.02
2752500.0,-17.77,-3.94,-4.77,-1.34,0.24,-1.65
2753500.0,-16.6,-6.27,-4.85,-0.11,0.47,-0.33
2754500.0,-14.93,7.54,2.95,0.22,-0.44,2.16
2755500.0,-13.13,-4.91,-7.88,0.05,-0.09,-0.14
2756500.0,-15.58,-6.22,-6.37,0.37,0.46,1.31
2757500.0,-19.61,-4.26,-1.14,-0.07,0.37,-0.48
2758500.0,-19.61,0.15,-2.23,-0.63,-0.46,0.58
2759500.0,-19.61,-0.15,-4.16,-0.86,1.75,-2.16
2760500.0,-18.65,6.76,6.55,-0.4,-0.93,1.81
2761500.0,-10.05,6.97,5.57,-0.05,2.83,-1.19
2762500.0,-19.26,-7.27,0.45,-1.55,0.77,-0.01
2763500.0,-16.72,-5.25,-4.89,-0.25,2.54,-0.64
2764500.0,-14.25,-6.6,-6.31,-0.7,-0.59,-0.61
2765500.0,-17.77,-1.62,-3.07,-0.67,-4.37,4.37
2766500.0,-15.48,7.58,1.64,0.28,-0.27,-0.47
2767500.0,-16.79,-3.89,-6.83,0.48,-1.4,0.72
2768500.0,-19.61,-2.15,-4.54,-0.41,-0.34,-0.02
2769500.0,-19.31,-1.74,-3.83,-0.06,0.33,-0.14
2770500.0,-19.01,-2.41,-5.29,-0.2,0.82,-0.42
2771600.0,-17.45,-5.66,-4.48,-0.15,0.67,-0.57
2772600.0,-15.99,-6.16,-6.21,0.11,-0.34,0.18
2773600.0,-18.21,-6.56,-6.88,0.94,-2.01,2.09
2774600.0,-19.61,-2.4,2.31,-0.39,-2.91,0.83
2775600.0,-6.75,-0.57,-2.34,-3.41,4.37,-4.37
2776600.0,-17.01,0.22,-3.38,-0.7,-0.63,1.33
2777600.0,-18.1,5.34,1.26,-0.56,-0.92,0.98
2778600.0,-17.13,4.74,2.53,-0.23,-0.22,0.06
2779600.0,-19.61,3.03,-1.39,0.33,1.04,-1.0
2780600.0,-19.46,3.13,-1.75,-0.24,-0.21,0.18
2781600.0,-18.99,3.29,0.44,-0.17,0.24,-0.58
2782600.0,-19.61,0.09,-0.79,-0.2,-0.46,0.22
2783600.0,-19.61,5.03,-0.53,-0.26,-0.47,0.33
2784600.0,-19.61,3.38,-0.74,-0.21,-0.72,0.5
2785600.0,-17.88,4.5,0.62,-0.31,-0.53,0.51
2786600.0,-16.56,4.92,1.59,0.87,2.56,-2.73
2787600.0,-19.41,4.49,1.82,-0.21,-0.08,-0.63
2788600.0,-18.99,3.05,0.92,-0.36,-0.02,0.0
2789600.0,-19.61,-1.12,2.59,-0.7,-1.66,-0.84
2790600.0,-19.61,-0.69,-4.04,-0.03,-1.57,0.55
2791600.0,-19.61,0.87,-0.87,0.32,-0.61,-0.12
2792600.0,-19.59,1.2,2.32,0.08,-0.03,-0.01
2793600.0,-19.61,-0.13,1.19,-0.09,0.34,-0.21
2794600.0,-19.33,-0.29,-1.38,-0.56,0.62,-0.23
2795600.0,-19.61,-1.74,-2.33,-1.17,-2.28,1.17
2796600.0,-19.61,-1.1,-1.52,-0.05,-3.09,1.82
2797700.0,-19.61,-2.23,-4.19,0.01,0.13,-0.06
2798700.0,-19.14,-2.81,-5.49,-0.19,1.2,-1.29
2799700.0,-19.61,-1.72,-3.63,-0.77,-0.25,-0.67
2800700.0,-19.61,2.32,7.25,-0.91,-1.68,1.43
2801700.0,-19.61,0.61,-0.21,-0.51,0.82,-0.85
2802700.0,-19.61,1.79,6.48,-1.47,0.21,0.71
2803700.0,-17.94,3.19,4.56,-0.16,-0.06,-0.24
2804700.0,-19.61,0.07,0.77,-0.42,0.4,-0.82
2805700.0,-19.61,0.35,2.16,-1.31,-0.25,-0.31
2806700.0,-19.61,0.26,1.1,-0.92,0.66,-0.69
2807700.0,-19.61,1.3,7.63,-1.33,0.47,0.75
2808700.0,-17.29,1.5,4.34,0.81,-0.06,0.7
2809700.0,-17.75,1.85,2.4,0.83,-0.6,-0.02
2810700.0,-13.88,2.31,1.21,-0.16,0.16,-1.01
2811700.0,-19.61,0.84,3.5,-1.11,-0.06,-0.11
2812700.0,-19.61,-0.04,7.15,-1.22,0.41,0.52
2813700.0,-19.5,-3.52,-1.35,-0.59,-0.43,-0.41
2814700.0,-16.09,-6.09,-5.19,-0.01,-0.01,-0.02
2815700.0,-17.0,-5.77,-3.75,-0.1,-0.19,0.34
2816700.0,-18.84,-4.78,-3.13,-0.01,-0.12,-0.01
2817700.0,-19.46,-2.81,-1.82,-0.12,-0.18,0.04
2818700.0,-19.61,-5.79,-5.25,-0.12,2.47,0.38
2819700.0,-19.61,-1.86,-1.01,0.05,-0.45,-0.09
2820700.0,-15.83,-3.86,-8.04,-0.56,0.99,-0.55
2821700.0,-19.56,0.39,-2.29,-0.64,4.37,-1.27
2822800.0,-19.61,-1.1,0.13,0.02,-1.33,0.85
2823800.0,-18.52,1.29,4.08,0.26,0.33,0.17
2824800.0,-18.33,1.54,5.88,0.14,-0.07,0.31
2825800.0,-19.61,1.19,3.4,-0.14,-0.03,0.0
2826800.0,-19.61,-3.81,-0.05,0.2,1.81,0.59
2827800.0,-12.97,6.8,5.95,0.06,-0.07,0.06
2828800.0,-16.95,-2.74,-6.04,-0.45,0.36,-0.49
2829800.0,-14.4,-0.8,-7.96,0.25,-0.44,-0.05
2830800.0,-16.27,3.72,6.73,0.33,-1.14,1.24
2831800.0,-13.33,6.57,6.91,-0.01,-0.22,0.23
2832800.0,-16.97,3.94,3.57,-0.22,1.71,-1.09
2833800.0,-19.29,0.03,-5.13,-0.79,1.76,-0.32
2834800.0,-15.67,-0.43,-8.66,-0.26,0.07,-0.15
2835800.0,-15.95,-0.64,-9.2,0.01,-0.12,0.05
2836800.0,-16.95,4.23,2.74,-0.1,1.77,-2.28
2837800.0,-17.82,-1.51,-4.92,-0.26,0.02,-0.02
2838800.0,-18.3,-1.97,-5.89,-0.06,-0.1,-0.06
2839800.0,-18.04,-2.23,-5.95,-0.08,-0.03,-0.03
2840800.0,-18.45,-2.15,-6.86,-0.27,-0.54,0.39
2841800.0,-18.94,-1.07,-4.58,-0.21,-0.43,0.01
2842800.0,-17.32,-5.24,-7.54,0.74,-3.2,2.69
2843800.0,-18.65,-1.53,-5.23,-0.3,1.93,-0.95
2844800.0,-19.48,0.64,2.64,-0.03,-0.45,-0.3
2845800.0,-19.61,-0.51,-2.09,-0.3,0.18,0.06
2846900.0,-19.61,-2.54,-3.54,0.12,-0.21,0.49
2847900.0,-18.64,3.34,3.06,-0.56,-0.4,-0.04
2848900.0,-19.61,3.54,1.75,0.66,0.85,-0.02
2849900.0,-19.61,1.04,-3.16,1.67,1.71,0.28
2850900.0,-15.69,6.44,4.61,-0.26,-0.92,0.39
2851900.0,-17.67,5.9,4.59,0.77,2.28,-1.63
2852900.0,-19.61,1.92,4.15,-0.29,-0.46,-0.12
2853900.0,-19.61,2.68,-1.3,0.53,-0.17,0.13
2854900.0,-19.61,2.18,-4.35,-0.45,-0.52,0.09
2855900.0,-16.96,0.78,6.92,-0.59,0.68,-0.42
2856900.0,-19.22,2.38,-1.44,-0.28,-0.07,-0.37
2857900.0,-19.61,-2.27,-4.34,-0.12,0.01,-0.04
2858900.0,-19.28,-0.38,-4.58,-0.05,-0.15,-0.32
2859900.0,-19.61,-2.91,-2.24,0.06,-0.33,-0.01
2860900.0,-19.61,-2.94,-2.4,-0.08,-0.1,0.02
2861900.0,-18.54,-3.77,-1.78,-0.01,0.02,-0.17
2862900.0,-15.67,-4.98,-2.44,0.78,-0.3,0.71
2863900.0,-16.13,-5.65,-4.8,0.19,0.54,0.15
2864900.0,-18.69,-0.88,1.8,-1.05,0.15,-0.41
2865900.0,-19.45,-5.23,1.1,-0.13,-0.52,-0.07
2866900.0,-19.58,-1.33,4.83,0.68,-0.72,-0.05
2867900.0,-10.07,-5.19,-6.53,0.88,-0.55,1.78
2868900.0,-19.61,0.68,2.46,-1.42,0.19,-0.27
2869900.0,-19.61,-0.06,1.15,-1.26,0.15,-0.3
2870900.0,-17.52,-5.26,-1.44,-0.34,2.25,0.09
2871900.0,-19.26,-5.15,0.14,-1.31,-0.27,0.2
2873000.0,-16.25,-1.75,-8.02,-0.04,0.66,0.28
2874000.0,-17.11,-0.53,-6.9,-0.41,-0.4,-0.27
2875000.0,-17.01,-2.6,-6.62,-0.3,-0.94,-0.38
2876000.0,-19.61,-0.03,-0.31,-0.89,-0.27,-0.4
2877000.0,-18.16,-0.8,-9.58,-2.78,-0.66,-1.67
2878000.0,-17.03,-1.88,-6.66,0.01,-0.32,-0.02
2879000.0,-16.5,-8.41,-2.4,1.72,0.0,-0.65
2880000.0,-12.37,-9.58,2.12,-0.12,0.01,-0.12
2881000.0,-15.06,-9.61,-1.14,-1.56,-1.2,0.98
2882000.0,-17.09,-9.24,0.77,0.62,-0.87,1.05
2883000.0,-13.58,-8.21,3.88,-0.2,-0.19,-0.82
2884000.0,-17.91,-6.26,-0.98,-0.19,1.71,0.14
2885000.0,-16.77,-7.62,0.57,-0.86,-0.24,-0.17
2886000.0,-17.34,-8.38,-0.96,0.38,0.63,-0.06
2887000.0,-17.47,-4.82,-3.12,0.5,0.31,0.39
2888000.0,-17.09,-6.17,-3.2,-2.01,-1.6,-0.6
2889000.0,-15.24,-8.36,0.58,-0.41,-0.68,-0.01
2890000.0,-11.56,-6.45,13.44,-0.17,-0.15,-0.01
2891000.0,-16.22,-2.26,3.93,-0.78,1.35,-1.71
2892000.0,-17.1,-8.99,0.22,0.51,0.53,0.74
2893000.0,-16.96,-7.76,-1.27,-1.28,-1.4,-0.17
2894000.0,-19.61,-5.74,-1.04,0.18,-0.59,0.29
2895000.0,-19.61,-1.91,-2.95,0.17,-0.72,0.11
2896000.0,-15.78,4.48,-3.28,-1.84,1.96,0.1
2897000.0,-19.4,3.21,0.99,-0.08,0.25,-0.46
2898100.0,-19.61,0.69,-7.99,-2.85,4.37,-3.24
2899100.0,-18.26,6.68,-2.53,-1.21,-1.18,0.68
2900100.0,-18.66,6.08,0.04,-0.23,-1.33,2.69
2901100.0,-16.18,1.21,-9.29,-0.22,-1.72,-0.22
2902100.0,-18.56,2.83,-1.83,-0.28,-1.6,0.65
2903100.0,-17.69,6.43,4.18,-0.09,-0.77,0.21
2904100.0,-16.61,5.91,5.52,0.37,0.62,-0.37
2905100.0,-12.32,6.29,7.67,-0.23,0.39,-0.03
2906100.0,-19.61,-3.28,-8.77,-1.3,1.95,-3.19
2907100.0,-10.09,4.87,7.36,-0.48,0.44,1.07
2908100.0,-15.29,3.37,7.14,0.69,-1.85,0.82
2909100.0,-14.87,3.23,7.72,-0.07,0.02,-0.12
2910100.0,-19.61,1.33,2.53,-0.29,-0.15,0.33
2911100.0,-15.17,3.65,5.06,-0.74,1.98,-0.46
2912100.0,-11.76,4.38,6.26,0.29,-1.7,0.86
2913100.0,-17.53,2.75,6.47,0.24,-0.57,-0.33
2914100.0,-17.01,2.6,6.15,0.04,0.45,-0.24
2915100.0,-19.61,1.61,1.75,-0.07,-0.05,0.0
2916100.0,-18.42,4.27,0.22,-0.02,-2.48,1.74
2917100.0,-19.61,2.52,-1.96,0.05,1.06,-0.83
2918100.0,-16.2,4.28,5.04,-0.35,-0.67,-0.09
2919100.0,-17.26,4.56,5.55,-0.07,-0.02,-0.04
2920100.0,-18.14,4.62,3.47,-0.05,-0.07,-0.17
2921100.0,-18.53,3.97,6.16,-0.13,-1.02,0.42
2922100.0,-11.88,3.42,10.26,-0.63,-0.68,-2.77
2923200.0,-13.57,3.68,9.77,3.27,0.77,1.28
2924200.0,-12.12,2.48,8.89,-0.02,-0.58,0.08
2925200.0,-11.58,4.33,8.28,-0.41,0.1,-0.08
2926200.0,-12.4,3.4,9.14,-0.69,0.02,-0.26
2927200.0,-12.37,7.41,6.82,-0.47,0.34,-0.29
2928200.0,-18.59,-1.92,-5.37,-0.79,-0.82,-1.03
2929200.0,-12.71,5.01,6.08,-0.22,2.24,-0.56
2930200.0,-11.7,5.06,5.43,-0.62,1.17,-0.35
2931200.0,-9.22,4.45,7.64,0.83,-0.62,0.44
2932200.0,-12.56,4.31,9.82,0.16,-2.34,1.33
2933200.0,-16.32,2.79,8.6,0.11,-2.29,1.76
2934200.0,-19.53,0.15,6.4,-1.69,0.09,-1.0
2935200.0,-17.0,1.22,4.84,-0.9,2.08,-0.25
2936200.0,-19.61,0.17,-4.37,-0.18,0.4,0.49
2937200.0,-16.97,5.2,3.48,-0.56,-1.96,1.19
2938200.0,-12.14,4.19,6.71,-0.93,1.39,-0.82
2939200.0,-17.36,6.12,5.45,0.36,-2.48,2.01
2940200.0,-19.51,0.33,3.02,0.19,1.4,0.08
2941200.0,-18.04,4.15,5.47,-0.09,0.12,-0.05
2942200.0,-18.42,3.33,3.55,1.05,1.6,-0.15
2943200.0,-19.51,1.6,-1.24,-0.07,-1.04,0.13
2944200.0,-15.81,1.09,-6.68,-0.87,-0.23,0.35
2945200.0,-19.61,-1.68,-1.18,-0.26,1.52,0.49
2946200.0,-12.76,8.17,4.89,-0.05,-0.3,-0.28
2947300.0,-18.27,0.14,7.31,-1.85,-2.64,2.22
2948300.0,-13.49,1.66,10.0,1.98,2.87,-0.85
2949300.0,-18.95,4.93,1.21,1.47,-3.43,0.61
2950300.0,-16.84,3.54,-2.07,-3.76,-2.97,-0.33
2951300.0,-17.69,-2.61,4.3,0.92,0.04,-0.36
2952300.0,-19.61,1.68,-0.35,-0.66,2.63,-1.3
2953300.0,-19.61,-0.05,-3.43,0.64,-1.9,1.66
2954300.0,-17.82,0.58,-6.84,-0.28,0.12,-0.42
2955300.0,-15.38,-0.11,-9.65,0.05,-1.29,-0.2
2956300.0,-15.89,3.12,4.56,-1.59,-0.37,0.58
2957300.0,-18.06,1.4,4.3,0.31,0.8,0.12
2958300.0,-13.8,5.79,-3.37,1.49,-0.76,1.0
2959300.0,-19.61,1.7,1.35,2.08,2.1,0.01
2960300.0,-19.61,-1.67,3.41,0.54,1.63,-0.34
2961300.0,-13.58,8.23,3.49,0.26,1.02,-0.56
2962300.0,-12.93,8.82,3.76,0.38,0.16,-0.14
2963300.0,-17.74,5.74,-1.71,-0.16,-0.49,0.4
2964300.0,-16.13,7.65,0.38,-0.06,-0.27,0.27
2965300.0,-19.61,1.43,5.71,0.5,-1.64,-1.69
2966300.0,-18.61,4.81,1.99,0.6,-2.32,2.85
2967300.0,-11.12,9.31,3.06,-0.42,-0.3,0.45
2968300.0,-18.12,-0.56,-6.71,-0.59,1.06,-0.19
2969300.0,-16.62,-1.13,-8.3,-0.3,0.26,-0.19
2970400.0,-17.12,-0.65,-6.68,0.0,0.26,-0.22
2971300.0,-19.61,2.48,-2.83,0.32,-2.79,2.69
2972400.0,-19.61,3.78,-2.55,0.01,0.13,-0.31
2973400.0,-18.98,2.27,-4.26,-0.09,-0.07,-0.04
2974400.0,-19.61,0.72,-1.83,0.31,0.81,-0.72
2975400.0,-18.55,-1.06,9.12,2.2,-0.14,1.21
2976400.0,-16.07,2.73,-1.97,1.18,-3.26,3.4
2977400.0,-16.52,4.22,-0.34,0.35,0.56,0.2
2978400.0,-17.42,6.79,1.62,0.27,0.08,-0.33
2979400.0,-18.75,4.36,2.14,-0.17,1.71,-1.3
2980400.0,-17.15,4.11,1.17,-0.48,0.61,-0.73
2981400.0,-18.5,4.32,2.73,-0.21,0.53,-0.93
2982400.0,-19.61,2.4,-0.11,0.42,0.2,-0.33
2983400.0,-19.61,2.22,-0.21,0.37,-1.01,0.52
2984400.0,-19.61,3.19,0.79,-0.22,-0.57,0.3
2985400.0,-18.85,2.75,1.6,-0.15,-0.53,0.48
2986400.0,-19.51,0.34,-3.09,0.51,1.61,0.08
2987400.0,-19.61,1.61,0.02,-0.88,-1.74,0.37
2988400.0,-18.1,3.5,0.42,1.19,0.31,0.3
2989500.0,-19.35,4.57,0.13,0.45,0.38,0.0
2990400.0,-19.61,0.16,-4.45,-0.16,3.69,-2.21
2991400.0,-19.61,2.96,2.08,-0.13,0.01,0.75
2992400.0,-19.14,3.21,-3.09,-1.44,1.65,-1.72
2993500.0,-13.34,2.38,-5.44,0.23,-4.37,1.47
2994400.0,-18.74,3.55,4.76,-0.16,0.13,-0.11
2995400.0,-16.69,6.8,3.93,0.61,-2.11,2.07
2996400.0,-18.53,3.89,-0.86,-0.53,0.04,-0.39
2997500.0,-17.27,4.14,0.07,0.49,-2.8,1.98
2998500.0,-18.3,2.51,2.1,-0.14,0.66,-0.37
2999500.0,-8.83,9.45,4.18,1.55,-3.51,-1.65
3000500.0,-19.29,1.26,7.12,-0.44,0.37,3.05
3001500.0,-11.13,-2.01,9.17,0.0,-1.14,-0.24
3002500.0,-14.16,-3.79,8.51,-0.01,-0.55,-0.14
3003500.0,-17.42,0.89,-7.29,-4.0,-4.37,2.58
3004500.0,-19.61,3.79,8.58,-0.52,1.87,-0.89
3005500.0,-14.13,-3.59,9.17,-0.65,0.2,0.09
3006500.0,-13.75,8.07,-0.61,1.68,0.3,2.74
3007500.0,-7.14,6.8,-7.5,-0.91,-0.58,-0.69
3008500.0,-4.86,6.9,-3.17,-0.02,-0.77,-0.49
3009500.0,-13.45,7.41,-4.78,0.52,-4.37,1.71
3010500.0,-19.61,3.96,-1.38,0.42,0.0,-1.65
3011500.0,-13.26,0.61,-11.2,0.14,0.73,-0.05
3012500.0,-16.92,5.36,0.49,1.07,-2.13,2.17
3013500.0,-14.66,10.75,2.61,0.15,0.38,0.59
3014500.0,-9.57,9.93,-1.42,-0.08,-0.15,0.29
3015500.0,-9.63,9.2,-0.64,0.1,0.24,0.23
3016500.0,-11.68,9.8,2.03,0.15,-1.65,0.77
3017500.0,-19.61,6.59,1.19,-0.45,-0.6,0.39
3018600.0,-11.9,9.62,-1.55,0.0,-0.9,1.07
3019500.0,-17.28,-0.76,-5.87,0.3,0.09,0.66
3020500.0,-11.84,9.49,2.8,-0.19,-0.24,0.08
3021600.0,-18.82,5.33,-0.51,0.18,-1.27,-0.31
3022600.0,-19.61,3.9,3.38,0.3,-0.08,0.14
3023600.0,-16.72,5.95,1.37,0.81,-1.19,0.94
3024600.0,-15.06,7.58,4.43,-0.07,0.16,-0.18
3025600.0,-14.58,5.75,6.02,0.17,-1.19,0.41
3026600.0,-19.26,4.15,4.06,-1.06,0.25,-0.03
3027600.0,-19.42,4.91,2.06,-0.17,-0.01,-0.05
3028600.0,-17.93,4.93,4.51,-0.11,-0.05,-0.11
3029600.0,-18.31,2.62,-5.4,-0.05,0.23,0.12
3030600.0,-16.66,4.03,-7.67,-0.1,-0.19,-0.41
3031600.0,-18.45,5.42,0.74,0.36,-1.06,0.79
3032600.0,-19.61,2.33,-1.31,-1.34,-1.53,0.15
3033600.0,-13.19,-1.29,9.0,-0.26,1.62,-0.19
3034600.0,-19.55,2.59,-2.51,-0.27,-0.63,-0.27
3035600.0,-18.97,3.33,0.96,-0.85,0.29,-0.08
3036600.0,-19.61,3.49,-2.27,-0.17,0.79,-0.15
3037600.0,-19.61,3.39,0.06,-0.45,-1.29,0.05
3038600.0,-18.38,6.28,3.6,0.31,1.82,-1.87
3039600.0,-14.78,3.43,-8.36,-0.99,-0.17,-0.32
3040600.0,-14.9,3.39,-7.69,-0.2,0.76,0.0
3041600.0,-18.41,4.39,-3.49,-1.58,-0.53,-0.8
3042600.0,-16.36,3.39,-8.0,1.26,-3.19,-0.28
3043600.0,-19.61,4.53,-0.62,-0.45,1.02,-0.74
3044600.0,-18.29,4.39,-2.61,-0.08,1.76,-0.99
3045600.0,-17.9,2.4,-6.27,0.11,0.05,0.04
3046600.0,-15.31,7.95,1.86,-0.32,-0.2,-0.04
3047700.0,-15.13,6.09,6.55,0.29,1.09,-0.32
3048700.0,-17.61,4.33,-3.42,-0.21,0.58,-1.16
3049700.0,-15.78,5.14,-2.37,-0.02,-0.27,1.12
3050700.0,-17.62,5.51,-3.54,-0.03,-0.07,-0.04
3051700.0,-13.87,9.06,1.02,-0.51,0.45,0.13
3052700.0,-14.0,9.4,-0.4,-0.11,0.62,-0.41
3053700.0,-12.77,9.52,-1.23,-0.07,-0.3,0.15
3054700.0,-18.71,6.43,1.04,0.08,-0.74,-2.3
3055700.0,-15.53,4.04,-0.29,1.15,4.37,-1.95
3056700.0,-18.62,0.87,-5.35,-0.63,0.91,-0.24
3057700.0,-15.76,-1.2,-8.36,-0.14,0.55,-0.27
3058700.0,-18.4,-4.16,-6.03,-0.83,-2.88,0.09
3059700.0,-17.74,2.57,0.7,2.21,4.37,-1.0
3060700.0,-19.2,4.53,0.18,-0.19,0.09,0.21
3061700.0,-18.29,0.97,-5.5,-0.39,0.23,0.06
3062700.0,-19.44,-0.24,-4.69,0.19,-0.27,-0.12
3063700.0,-19.27,-0.16,-4.82,-0.14,-0.05,-0.28
3064700.0,-19.28,-0.77,-4.66,-0.1,-0.11,0.03
3065700.0,-19.32,-0.91,-4.6,-0.21,-0.03,-0.05
3066700.0,-19.19,-0.57,-5.45,0.0,0.2,0.11
3067700.0,-13.09,8.96,-3.98,-1.21,0.17,-1.35
3068700.0,-17.9,0.64,4.96,-0.3,-0.63,-1.15
3069700.0,-18.01,4.64,-0.08,0.51,0.64,0.04
3070700.0,-18.08,-2.2,-8.93,-0.07,2.4,-1.21
3071800.0,-15.1,1.82,-8.25,-0.89,4.37,-3.04
3072800.0,-14.9,5.89,4.9,0.18,-0.95,0.93
3073800.0,-15.02,7.51,-4.64,1.43,1.85,-4.28
3074800.0,-18.32,3.12,-4.67,0.28,-0.04,-0.29
3075800.0,-19.61,4.46,-3.06,0.36,-3.76,0.1
3076800.0,-19.08,2.59,3.51,0.32,0.95,0.09
3077800.0,-13.85,3.36,1.56,-3.53,-3.43,-1.87
3078800.0,-19.61,2.73,0.36,-1.53,-2.85,0.2
3079800.0,-19.61,-4.41,-1.66,-0.55,1.54,-0.01
3080800.0,-17.74,3.39,3.16,-0.53,-2.09,1.2
3081800.0,-18.93,-0.14,6.94,0.05,-0.76,-1.15
3082800.0,-9.74,9.71,3.26,0.91,-0.35,0.04
3083800.0,-15.16,7.44,-1.67,1.05,-0.72,0.61
3084800.0,-19.61,-4.68,-6.62,-1.37,2.11,-3.5
3085800.0,-18.4,-0.91,-7.84,0.17,-0.39,0.15
3086800.0,-19.61,0.28,1.09,0.39,-0.25,0.33
3087800.0,-19.61,-0.35,4.26,0.43,0.08,0.02
3088800.0,-17.59,1.18,6.69,0.14,-0.19,0.03
3089800.0,-17.63,1.41,6.59,-0.63,-1.11,0.39
3090800.0,-19.61,-0.6,-3.42,-0.48,-0.61,0.39
3091800.0,-19.05,4.65,1.22,-0.2,-0.07,-0.09
3092800.0,-18.67,4.41,-0.16,-0.01,0.53,-0.4
3093800.0,-19.55,3.07,-1.28,-0.02,-0.04,-0.03
3094800.0,-19.61,2.36,-0.91,-0.11,-0.1,-0.05
3095800.0,-19.61,2.18,-1.82,-0.68,0.0,0.17
3096900.0,-18.96,3.03,-1.19,-0.29,-0.39,0.14
3097900.0,-19.14,2.42,-0.99,-0.01,-0.77,0.5
3098900.0,-19.61,4.32,1.04,-0.09,-0.4,0.25
3099900.0,-19.61,2.99,-1.57,-0.07,-0.01,-0.04
3100900.0,-19.61,0.8,-3.79,-0.85,-0.09,-0.53
3101900.0,-17.73,1.4,-4.05,0.11,2.6,-1.97
3102900.0,-19.2,3.2,2.65,-0.61,-2.05,1.03
3103900.0,-19.61,0.16,-5.96,0.58,1.94,-0.3
3104900.0,-19.61,0.98,-3.12,-0.18,-0.83,0.56
3105900.0,-19.61,0.14,-2.75,0.48,0.65,0.01
3106900.0,-18.22,-1.45,-3.82,-0.47,1.06,-0.97
3107900.0,-18.64,0.01,-1.09,-0.98,2.0,-0.72
3108900.0,-19.52,-0.41,0.22,0.06,-0.47,0.22
3109900.0,-19.48,-1.55,-4.63,0.07,-0.06,0.17
3110900.0,-15.29,-2.53,-7.73,0.24,0.01,-0.02
3111900.0,-15.22,-2.02,-8.56,-0.02,-0.18,0.19
3112900.0,-16.31,-1.81,-8.4,-0.11,-1.02,0.05
3113900.0,-18.32,-1.23,-4.37,-0.11,-0.54,0.22
3114900.0,-18.5,-0.58,-4.73,-0.63,-1.14,0.38
3115900.0,-19.17,-0.03,-3.98,0.19,-0.77,0.61
3116900.0,-16.92,4.99,3.1,0.13,1.35,-1.39
3117900.0,-19.34,1.19,-4.15,0.12,0.2,-0.15
3118900.0,-16.4,-2.33,9.26,-0.77,0.55,-0.23
3119900.0,-19.61,2.45,-3.5,0.13,-0.56,0.86
3120900.0,-19.61,2.82,-3.57,0.67,-1.41,1.15
3122000.0,-19.54,-0.08,-0.22,-0.1,3.98,-1.2
3123000.0,-19.61,1.27,-0.8,-0.59,-0.03,0.6
3124000.0,-19.3,0.74,-4.7,0.06,-0.09,0.11
3125000.0,-19.35,-0.54,3.28,-0.74,-0.89,-0.04
3126000.0,-19.23,-0.6,3.87,-0.03,-0.09,0.02
3127000.0,-19.61,-0.87,4.5,-0.03,-0.1,0.08
3128000.0,-19.61,0.91,3.18,0.09,0.01,0.02
3129000.0,-17.88,3.17,0.49,-0.8,-0.88,-0.17
3130000.0,-19.61,0.3,-4.0,-0.27,-0.94,0.21
3131000.0,-19.07,-0.24,-5.18,0.29,-0.26,-0.01
3132000.0,-18.08,0.37,-6.43,-1.13,-0.23,-0.08
3133000.0,-19.21,3.12,0.48,-0.26,-1.01,0.51
3134000.0,-16.32,2.91,-7.65,0.41,-3.07,0.62
3135000.0,-19.61,-0.3,-2.02,-0.35,-1.49,-1.2
3136000.0,-19.14,1.04,-5.64,-0.2,-0.55,0.08
3137000.0,-19.05,0.61,-4.98,0.23,0.21,-0.11
3138000.0,-18.89,-0.34,-4.32,-0.06,-1.33,0.73
3139000.0,-18.34,0.48,1.82,1.06,1.76,-0.58
3140000.0,-14.27,-1.34,-9.35,-0.16,-0.04,-0.12
3141000.0,-17.09,-0.59,-7.17,1.04,-4.37,0.54
3142000.0,-18.02,1.98,1.01,1.34,-0.04,0.1
3143000.0,-19.61,-1.06,1.66,3.66,3.54,1.76
3144000.0,-18.37,2.12,-0.72,-2.03,-0.58,-0.19
3145100.0,-19.61,-0.26,-3.55,0.35,-1.5,1.1
3146100.0,-18.7,0.27,-9.27,-0.3,0.84,-0.59
3147100.0,-19.61,-2.25,0.77,-0.43,-0.56,0.01
3148100.0,-18.94,-0.21,-4.84,0.28,0.94,-0.03
3149100.0,-19.61,-0.09,-3.67,-0.35,-0.43,0.14
3150100.0,-19.61,-0.52,0.51,-1.2,0.04,-0.28
3151100.0,-19.61,-2.92,4.77,-0.79,-0.61,0.92
3152100.0,-14.72,1.97,8.2,-0.12,0.38,0.08
3153100.0,-19.34,-0.04,-4.2,0.22,0.38,-0.21
3154100.0,-18.51,4.92,2.13,-0.05,-0.56,0.3
3155100.0,-18.8,4.51,1.94,-0.08,-0.09,0.02
3156100.0,-19.61,2.41,-1.91,-0.07,0.49,-0.44
3157100.0,-19.1,2.77,2.48,0.61,1.31,-0.21
3158100.0,-14.59,5.72,-0.55,-0.62,-0.76,0.91
3159100.0,-17.98,4.0,-0.18,-2.07,-1.68,-0.57
3160100.0,-19.36,2.5,3.16,-0.2,0.44,-0.6
3161100.0,-17.75,3.98,1.66,0.07,-0.19,0.2
3162100.0,-16.07,3.65,4.83,0.23,2.3,-0.94
3163100.0,-18.62,0.11,-6.81,-0.23,0.01,-0.16
3164100.0,-19.41,3.78,1.24,-0.75,-0.98,-0.39
3165100.0,-18.89,2.11,4.48,0.38,2.71,-0.88
3166100.0,-19.16,-0.55,-5.51,1.52,-1.95,2.71
3167100.0,-10.29,8.98,3.02,0.38,-0.46,0.31
3168100.0,-18.49,4.74,4.32,-0.39,-0.38,0.12
3169100.0,-19.61,2.72,-0.14,-0.48,0.45,-0.59
3170100.0,-19.51,1.64,-4.45,-0.67,-0.75,-0.76
3171100.0,-18.79,0.74,-0.89,0.5,0.41,-0.06
3172200.0,-19.17,4.65,2.05,0.27,-0.13,-0.24
3173200.0,-19.18,3.68,0.18,0.43,0.17,-0.38
3174200.0,-18.83,3.55,-0.19,-2.5,-2.2,1.38
3175200.0,-19.27,-2.08,11.19,-0.21,-0.85,-0.61
3176200.0,-12.24,-1.61,9.5,0.65,1.64,-1.11
3177200.0,-19.61,0.28,-2.91,-0.12,0.36,-0.55
3178200.0,-19.61,-0.72,-3.69,-0.71,-1.15,0.54
3179200.0,-17.71,-5.1,2.37,-1.03,-0.3,-0.4
3180200.0,-18.5,-5.67,-0.3,-0.15,-0.17,0.12
3181200.0,-19.61,-3.76,-1.29,4.03,-1.59,0.49
3182200.0,-12.23,-1.48,9.1,-0.67,-0.38,-0.13
3183200.0,-15.85,3.29,5.36,-0.05,3.61,3.31
3184200.0,-14.83,-0.5,8.79,0.34,-1.49,-1.92
3185200.0,-18.72,-0.12,5.31,-0.24,1.02,-0.5
3186200.0,-15.33,3.75,6.56,-2.13,-1.45,0.74
3187200.0,-19.61,-1.01,0.09,0.01,0.03,-0.06
3188200.0,-17.49,-0.47,17.57,-2.99,0.76,0.6
3189200.0,-19.48,2.39,-0.02,-0.08,-1.0,0.53
3190200.0,-19.25,3.05,1.79,-0.21,-0.61,-0.16
3191200.0,-19.61,1.72,0.83,-1.34,0.52,0.0
3192200.0,-19.61,1.43,0.6,-0.4,-0.03,0.01
3193200.0,-19.51,-0.68,2.11,-0.51,-1.22,-1.66
3194200.0,-19.61,-3.29,1.02,0.59,-1.19,1.15
3195200.0,-18.1,0.0,-5.92,-0.04,-0.43,-0.24
3196200.0,-18.32,0.03,-5.27,-0.63,0.92,-0.56
3197300.0,-19.61,1.0,-0.48,-0.13,-0.06,0.18
3198300.0,-19.61,0.74,-1.09,0.19,0.05,0.15
3199300.0,-19.61,0.43,-2.8,0.1,-0.02,-0.07
3200300.0,-18.99,3.3,3.44,-0.31,-0.27,-0.11
3201300.0,-18.01,3.17,5.23,-0.05,-0.39,0.1
3202300.0,-13.57,3.74,8.17,-0.07,-0.19,-0.09
3203300.0,-18.08,2.7,5.53,0.03,-0.38,0.12
3204300.0,-17.96,3.21,5.59,-0.09,0.02,0.0
3205300.0,-17.58,3.21,5.86,0.58,-0.51,0.32
3206300.0,-17.38,4.73,6.8,0.23,0.05,0.0
3207300.0,-14.61,2.89,8.29,-0.61,0.21,-0.91
3208300.0,-18.14,2.73,4.98,0.09,0.42,-0.19
3209300.0,-19.43,1.87,3.82,-0.47,1.0,-0.47
3210300.0,-19.54,1.13,2.85,-0.31,0.05,-0.14
3211300.0,-19.59,0.63,2.73,0.14,-0.29,-0.5
3212300.0,-19.61,0.5,1.88,0.08,0.55,0.02
3213300.0,-19.49,-1.43,3.16,-0.02,-0.01,0.04
3214300.0,-19.61,-0.92,2.53,-0.15,-0.14,0.05
3215300.0,-19.61,0.75,0.66,0.0,-0.08,0.05
3216300.0,-19.61,2.47,-0.38,0.08,-0.11,0.09
3217300.0,-19.61,-0.08,0.8,-0.12,-0.09,0.33
3218300.0,-19.61,1.55,2.03,-0.43,-0.43,0.28
3219300.0,-16.86,3.26,-6.04,-2.69,-0.33,-1.07
3220300.0,-17.99,1.71,6.08,-0.26,-0.21,-0.12
3221400.0,-18.4,4.61,5.8,0.36,-1.15,0.07
3222400.0,-14.36,5.04,7.22,0.11,0.07,0.1
3223400.0,-17.11,5.04,6.34,-0.11,-0.21,0.26
3224400.0,-14.35,3.88,6.81,-1.39,-0.22,-0.17
3225400.0,-19.61,1.76,2.21,-0.28,-1.55,0.38
3226400.0,-13.8,3.77,7.71,-0.12,0.28,0.23
3227400.0,-14.13,3.82,7.31,-0.16,-1.47,0.49
3228400.0,-17.97,2.09,8.05,-0.57,-2.68,0.25
3229400.0,-19.61,-0.25,4.67,0.83,-0.84,-0.37
3230400.0,-19.61,-0.68,2.99,-0.24,-0.34,-0.29
3231400.0,-18.57,2.22,5.48,0.18,0.25,0.02
3232400.0,-13.84,3.7,7.47,0.76,-0.95,0.64
3233400.0,-15.01,2.97,8.29,0.39,-1.15,0.62
3234400.0,-15.17,1.88,10.86,-0.43,-3.68,0.74
3235400.0,-15.2,2.44,10.26,-0.2,-1.42,0.65
3236400.0,-18.4,1.75,5.16,-0.08,0.44,-0.18
3237400.0,-16.01,3.14,6.08,0.17,-2.43,0.74
3238400.0,-18.64,2.49,6.35,0.04,0.31,-0.37
3239400.0,-18.62,3.95,4.07,0.0,-0.19,0.01
3240400.0,-16.7,1.83,7.03,0.2,-0.36,0.88
3241400.0,-18.72,2.41,4.46,0.22,0.18,-0.45
3242400.0,-15.97,3.67,5.37,-0.03,0.96,-0.78
3243400.0,-15.24,4.12,6.7,0.21,-0.46,0.17
3244400.0,-19.61,0.73,5.36,-0.12,-0.24,-0.34
3245400.0,-18.33,1.19,5.52,-0.37,-0.45,0.07
3246400.0,-18.36,0.28,4.87,-0.73,1.24,-0.02
3247500.0,-18.68,-1.64,-5.5,-0.16,2.16,-0.7
3248500.0,-19.14,1.14,-0.64,-0.92,2.9,-1.26
3249500.0,-18.02,-1.67,-4.07,-0.12,1.37,-0.24
3250500.0,-19.06,-0.06,-2.77,-0.19,0.73,-0.36
3251500.0,-19.12,-0.4,-4.51,1.03,-0.42,0.61
3252500.0,-16.63,0.31,7.03,-0.14,0.14,-0.07
3253500.0,-19.61,1.43,3.85,1.94,-2.19,0.01
3254500.0,-16.56,1.5,8.32,0.28,-0.88,0.21
3255500.0,-13.16,8.07,3.06,-0.15,-0.88,1.7
3256500.0,-18.71,-2.06,-5.52,-0.31,1.2,-0.74
3257500.0,-18.09,-1.36,-6.23,0.08,-0.18,0.15
3258500.0,-18.13,-2.75,-5.53,0.0,0.04,0.0
3259500.0,-16.86,-2.45,-6.91,-0.13,0.1,-0.02
3260500.0,-18.11,-0.71,-4.27,-0.46,-1.99,-0.03
3261500.0,-18.36,-3.42,-6.38,-0.23,0.06,-0.03
3262500.0,-17.76,-2.71,-6.2,-0.07,-0.13,0.09
3263500.0,-15.93,-4.27,-8.47,-0.14,-0.72,0.42
3264500.0,-18.27,-2.38,-5.38,-0.73,-1.93,0.97
3265500.0,-14.47,5.09,6.25,-0.82,-0.37,0.06
3266500.0,-16.4,-0.94,-7.69,0.11,-0.44,-0.05
3267500.0,-19.18,-0.25,-2.73,0.33,-0.71,-0.67
3268500.0,-19.61,-0.44,-1.52,0.21,-0.64,0.37
3269500.0,-19.61,1.41,-5.25,-0.24,-0.95,0.61
3270500.0,-17.1,1.34,-8.33,-0.08,-0.44,0.06
3271600.0,-17.09,-0.07,-6.89,0.07,-0.16,-0.11
3272600.0,-19.46,-0.29,-4.85,0.35,-1.45,0.4
3273600.0,-19.61,-2.24,-3.42,0.71,0.24,0.17
3274600.0,-18.78,1.7,-0.77,0.66,-0.86,1.11
3275600.0,-19.61,-0.06,-2.65,0.77,-3.71,3.16
3276600.0,-19.61,4.29,1.29,0.06,0.09,-0.25
3277600.0,-19.61,-0.17,1.54,-0.28,0.64,-0.43
3278600.0,-19.43,-1.51,-3.39,-0.1,0.13,0.04
3279600.0,-19.26,-3.06,-5.86,0.02,-1.11,0.27
3280600.0,-19.61,5.11,3.89,-0.09,-0.05,-0.33
3281600.0,-17.98,1.2,-1.3,-0.72,3.44,-3.05
3282600.0,-12.93,7.99,4.9,-0.13,-0.4,0.22
3283600.0,-17.13,7.14,3.77,-0.12,-0.45,0.3
3284600.0,-18.2,5.18,0.45,-0.35,-0.2,0.14
3285600.0,-19.61,-2.61,-7.54,-0.59,-4.37,3.99
3286600.0,-17.09,-2.0,-7.16,0.05,-0.01,-0.03
3287600.0,-18.69,-3.26,-7.05,0.21,0.89,-0.66
3288600.0,-18.92,-3.34,-8.03,0.1,-3.63,2.15
3289600.0,-18.23,-0.91,-3.35,-0.06,-0.05,-0.9
3290600.0,-19.61,1.2,-1.57,0.12,-0.11,-0.01
3291600.0,-19.49,0.35,-3.83,-0.03,-0.48,-0.48
3292600.0,-19.61,-1.8,-1.78,-0.29,0.24,0.02
3293600.0,-18.03,3.91,5.73,0.2,-0.97,-0.09
3294600.0,-17.65,1.91,2.06,1.26,0.36,0.44
3295600.0,-18.14,4.98,4.18,0.23,0.33,-0.27
3296700.0,-19.61,1.98,-0.33,-0.3,1.6,-1.11
3297700.0,-19.15,-0.86,-4.39,1.01,-2.03,3.01
3298700.0,-19.61,-0.25,-3.1,0.5,-1.94,1.1
3299700.0,-19.61,-1.02,-3.0,-0.09,0.15,-0.04
3300700.0,-17.0,0.39,-1.61,-2.26,4.37,-1.89
3301700.0,-19.61,3.69,-0.24,0.38,0.57,0.07
3302700.0,-15.84,-3.6,-8.84,0.03,-1.11,0.24
3303700.0,-18.13,-1.05,-5.49,-0.03,-0.12,-0.04
3304700.0,-18.1,-2.46,-6.01,-0.38,-1.43,0.8
3305700.0,-19.04,2.76,4.17,-0.16,-0.35,-0.02
3306700.0,-18.49,3.94,0.94,-0.5,0.44,0.6
3307700.0,-19.14,3.72,4.2,-1.8,1.49,-1.17
3308700.0,-19.61,2.49,2.54,-0.15,-0.39,0.06
3309700.0,-19.61,0.64,-1.54,-0.29,-0.1,0.07
3310700.0,-18.42,1.35,3.29,-0.44,-0.13,-0.21
3311700.0,-17.81,-3.05,-4.22,-0.07,-0.73,0.69
3312700.0,-19.06,-0.57,-2.33,-0.14,-0.07,-0.14
3313700.0,-19.61,-2.53,-2.38,1.28,-1.18,0.36
3314700.0,-15.78,0.14,4.89,0.99,4.08,0.33
3315700.0,-18.91,-2.54,-5.05,-0.01,-0.24,0.03
3316700.0,-19.61,-1.0,-1.37,-0.54,-1.66,0.84
3317700.0,-19.12,1.22,0.62,-0.32,2.38,-1.4
3318700.0,-17.19,2.46,5.26,0.24,0.41,0.24
3319700.0,-16.8,-1.06,6.49,0.58,0.11,-0.33
3320700.0,-19.61,-2.05,3.02,-0.25,0.18,0.38
3321800.0,-19.61,-2.07,-7.17,0.49,1.57,-0.58
3322800.0,-17.99,-1.8,0.42,2.01,-3.16,1.88
3323800.0,-17.34,0.99,-4.89,-0.26,2.72,0.01
3324800.0,-14.87,4.47,-10.01,1.05,-1.04,0.71
3325800.0,-17.0,0.62,-7.54,0.2,-0.5,0.13
3326800.0,-17.42,-0.51,-6.04,-0.92,0.07,-0.25
3327800.0,-19.61,0.34,-2.23,0.15,0.62,0.06
3328800.0,-19.55,-2.4,-1.46,1.97,0.85,0.86
3329800.0,-19.28,2.66,-1.08,-0.06,-0.2,-0.01
3330800.0,-18.43,3.36,-0.34,-0.24,-0.37,0.43
3331800.0,-18.88,1.76,0.0,-0.74,2.51,-1.35
3332800.0,-18.96,1.87,4.27,-0.2,-0.63,0.19
3333800.0,-17.48,1.69,-13.37,-2.03,1.02,-0.74
3334800.0,-19.61,1.67,-1.14,-0.01,0.11,-0.1
3335800.0,-19.61,0.95,-2.45,-0.47,-1.44,-0.01
3336800.0,-17.05,5.79,2.63,0.75,-0.42,-1.04
3337800.0,-19.61,1.46,-2.86,-1.49,-2.36,0.48
3338800.0,-14.12,7.94,7.64,-2.31,0.19,-0.17
3339800.0,-13.32,4.95,7.11,-0.15,-0.63,0.34
3340800.0,-18.74,2.75,0.69,-0.36,0.38,0.35
3341800.0,-16.71,2.03,3.29,1.12,1.86,-0.34
3342800.0,-17.96,4.31,0.13,0.06,-1.49,0.92
3343800.0,-12.67,2.25,3.1,0.53,-4.37,3.18
3344800.0,-16.98,-0.14,5.42,2.66,2.93,0.93
3345900.0,-15.95,5.3,6.31,-0.79,1.22,-0.41
3346900.0,-18.61,2.43,2.9,-0.01,-0.61,0.77
3347900.0,-18.25,4.57,4.67,-0.01,-1.27,0.64
3348900.0,-19.42,0.94,0.76,-0.33,1.03,-0.64
3349900.0,-19.61,-0.06,-3.81,1.05,-4.37,2.78
3350900.0,-17.5,2.94,5.88,-0.39,0.34,-0.11
3351900.0,-19.61,-1.36,-2.6,-0.3,0.12,0.04
3352900.0,-14.78,3.34,7.83,0.03,-1.08,0.69
3353900.0,-12.49,5.37,7.02,-0.19,-2.23,0.69
3354900.0,-19.61,2.01,3.57,-0.46,-1.11,0.03
3355900.0,-14.7,3.85,3.97,1.12,-0.43,-0.56
3356900.0,-17.63,2.15,9.17,0.16,0.14,1.05
3357900.0,-19.61,1.34,3.86,-1.23,-0.61,-0.46
3358900.0,-16.62,3.87,2.67,0.43,0.56,-0.21
3359900.0,-18.09,1.77,4.96,-0.74,-0.67,0.46
3360900.0,-15.84,0.91,8.5,0.17,-1.33,0.88
3361900.0,-16.9,2.95,3.64,0.47,-0.27,-0.76
3362900.0,-19.61,1.53,5.46,-0.07,-0.09,-0.08
3363900.0,-19.61,0.22,7.23,-0.59,-0.87,-0.04
3364900.0,-18.91,1.68,7.78,-0.88,0.22,0.81
3365900.0,-15.68,1.36,7.22,-0.41,-0.59,0.19
3366900.0,-16.14,1.3,7.39,0.88,0.59,0.01
3367900.0,-17.64,2.4,5.45,0.02,0.13,-0.19
3368900.0,-19.61,0.02,0.1,-0.15,0.01,0.12
3369900.0,-18.72,0.79,3.75,1.84,-1.51,-0.11
3371000.0,-12.27,-1.48,9.82,0.07,1.24,-0.07
3372000.0,-11.06,-3.68,8.6,0.42,-0.07,0.64
3373000.0,-18.29,0.04,0.38,-1.7,1.74,1.14
3374000.0,-18.51,-2.97,-4.34,0.17,-0.32,0.08
3375000.0,-19.24,-3.94,-4.11,0.0,0.19,0.03
3376000.0,-14.13,1.08,6.08,-0.32,-2.03,-1.92
3377000.0,-17.08,4.81,2.16,-2.61,4.37,1.6
3378000.0,-14.46,3.17,5.94,-1.85,1.51,-2.05
3379000.0,-19.61,-0.93,-2.36,1.33,-2.06,2.07
3380000.0,-19.39,3.61,1.51,-0.31,-0.79,0.75
3381000.0,-17.16,-0.48,-2.74,-3.78,1.49,-4.37
3382000.0,-11.3,8.15,1.42,0.11,0.13,1.29
3383000.0,-12.74,9.3,2.23,-0.12,-0.22,0.02
3384000.0,-13.62,9.0,2.11,-0.02,-0.05,-0.03
3385000.0,-14.77,8.44,1.54,-0.01,0.11,-0.12
3386000.0,-13.02,4.92,7.33,-0.98,-0.61,0.06
3387000.0,-16.76,3.59,3.64,0.68,3.32,-1.93
3388000.0,-15.05,4.9,3.85,-0.04,-0.59,0.36
3389000.0,-19.31,3.26,2.69,-0.29,-0.16,0.05
3390000.0,-19.61,2.14,1.7,0.37,0.0,-0.12
3391000.0,-18.96,3.92,-1.54,-0.96,0.8,-0.81
3392000.0,-16.6,0.62,-8.13,-0.27,0.14,0.11
3393100.0,-16.31,0.6,-8.33,-0.11,-0.04,-0.04
3394000.0,-14.76,0.0,-9.38,-0.37,0.06,0.03
3395000.0,-15.37,0.04,-8.62,0.84,-2.28,0.61
3396100.0,-19.17,2.17,-4.91,0.01,0.26,0.15
3397100.0,-14.2,1.05,-9.37,-0.24,0.34,-0.26
3398100.0,-12.65,0.6,-9.97,-0.01,-0.19,0.04
3399100.0,-13.06,0.08,-9.79,-0.1,-0.09,0.08
3400100.0,-14.04,0.65,-9.35,-0.38,0.1,-0.13
3401100.0,-16.57,0.78,-8.38,0.24,-1.04,0.38
3402100.0,-15.35,3.41,7.24,-0.47,-1.74,0.17
3403100.0,-14.15,5.18,1.57,2.52,4.37,-2.01
3404100.0,-13.13,0.02,-9.75,-0.21,-0.07,-0.07
3405100.0,-14.21,0.04,-9.31,-0.31,-0.36,0.02
3406100.0,-16.95,1.2,-7.53,-0.1,-0.48,0.21
3407100.0,-19.61,2.83,-1.52,-0.69,-1.52,0.3
3408100.0,-18.1,4.35,3.78,-0.12,-0.77,0.25
3409100.0,-19.09,3.14,-0.16,0.35,0.03,-0.09
3410100.0,-17.16,-0.5,-7.15,0.66,1.93,-1.64
3411100.0,-19.61,0.48,-4.73,0.89,-2.19,2.04
3412100.0,-19.61,1.51,-1.8,-0.11,-2.39,1.58
3413100.0,-19.61,4.47,-0.46,-0.35,-0.39,-0.29
3414100.0,-12.45,8.76,2.59,0.11,-0.25,0.12
3415100.0,-14.9,-2.81,-7.89,-0.18,0.88,0.25
3416100.0,-18.26,-0.66,-5.37,0.24,-1.52,0.2
3417100.0,-19.61,1.91,3.49,0.12,-0.35,0.34
3418100.0,-14.3,4.64,5.37,-0.55,1.48,-0.46
3419100.0,-17.6,1.96,-5.92,0.12,-0.08,-0.07
3420100.0,-19.61,2.87,-0.32,0.09,0.11,-0.25
3421200.0,-18.88,-0.7,-6.28,-0.33,0.19,0.11
3422200.0,-19.61,1.42,-3.48,-0.19,0.12,-0.21
3423200.0,-18.88,3.44,0.54,0.69,-2.46,2.19
3424200.0,-19.61,1.64,-2.12,-0.55,2.56,-1.94
3425200.0,-11.83,4.26,-2.15,2.87,-1.64,-0.38
3426200.0,-18.41,-0.83,-6.23,-0.06,-0.17,0.2
3427200.0,-17.54,4.81,1.97,0.12,-0.61,0.51
3428200.0,-19.02,5.35,0.77,0.04,1.08,-0.86
3429200.0,-19.36,3.44,1.26,-0.23,0.21,-0.36
3430200.0,-19.25,4.29,0.28,0.1,-1.13,0.91
3431200.0,-17.56,6.09,2.1,-0.34,-0.12,-0.11
3432200.0,-13.75,8.15,-0.82,-1.17,1.85,-1.42
3433200.0,-19.61,1.77,-3.96,0.48,-1.26,0.09
3434200.0,-17.98,3.09,1.94,0.37,-0.02,0.12
3435200.0,-18.68,4.07,-0.34,0.01,0.2,0.23
3436200.0,-17.75,0.86,-6.79,-0.35,2.17,-1.69
3437200.0,-19.51,1.6,-1.77,0.11,-0.35,0.46
3438200.0,-19.61,1.25,-2.75,-0.04,0.0,-0.07
3439200.0,-19.61,0.64,-2.83,-0.01,-0.12,0.04
3440200.0,-19.25,2.66,-1.43,-2.14,1.68,0.92
3441200.0,-16.64,3.05,4.52,-1.7,1.36,-0.62
3442200.0,-18.98,1.89,6.02,-1.02,-0.88,0.13
3443200.0,-16.19,0.14,8.96,1.23,2.76,-0.65
3444200.0,-19.61,-0.39,-4.1,0.43,-1.38,0.82
3445200.0,-16.46,2.63,-0.63,0.2,-1.42,1.76
3446300.0,-17.98,0.67,-3.94,-0.83,0.98,-1.16
3447300.0,-19.61,0.53,-2.56,0.54,-0.68,0.31
3448300.0,-19.61,0.62,-2.79,-0.38,-0.54,0.02
3449300.0,-16.37,4.3,0.22,-0.27,-1.13,1.46
3450300.0,-9.7,8.39,5.14,1.26,1.09,-0.87
3451300.0,-19.61,0.92,-5.87,-0.55,-0.43,0.27
3452300.0,-18.24,-0.68,-5.03,-0.59,-0.83,0.23
3453300.0,-19.61,0.55,-3.85,-0.9,2.63,-1.44
3454300.0,-18.98,2.05,-7.51,0.72,-0.91,0.94
3455300.0,-17.97,-0.21,5.71,0.03,-0.09,-0.05
3456300.0,-18.94,-0.42,-5.62,0.18,2.86,-0.55
3457300.0,-18.12,4.42,5.48,0.43,0.14,-0.04
3458300.0,-17.19,6.12,4.04,0.22,0.14,0.0
3459300.0,-19.61,-2.54,-4.5,-0.2,-0.02,0.27
3460300.0,-14.33,5.22,6.23,-0.59,-1.2,0.98
3461300.0,-11.86,1.4,8.53,-1.51,1.16,0.25
3462300.0,-17.43,1.11,8.83,0.67,-1.13,0.25
3463300.0,-19.61,-0.88,0.84,0.99,0.19,0.71
3464300.0,-19.61,-1.42,-5.69,0.28,0.04,0.72
3465300.0,-9.59,5.81,7.5,-1.44,-1.7,1.07
3466300.0,-9.66,-2.65,8.62,-0.04,0.52,0.11
3467300.0,-19.61,1.8,-1.1,1.8,-4.37,3.33
3468300.0,-19.37,0.82,-8.04,-0.21,3.32,0.77
3469300.0,-15.44,4.79,6.88,-2.03,-1.11,1.67
3470300.0,-15.67,0.61,-10.44,1.24,2.36,0.77
3471400.0,-16.73,-1.72,8.43,-4.25,2.73,0.88
3472400.0,-17.37,0.47,-6.92,1.27,3.29,1.49
3473400.0,-10.92,0.27,8.34,-2.67,0.78,0.14
3474400.0,-16.29,0.49,-8.3,0.06,-0.42,0.05
3475400.0,-18.37,2.59,-2.79,0.14,-2.99,2.94
3476400.0,-19.61,-1.83,-0.14,-0.53,2.92,0.83
3477400.0,-19.28,-1.53,-4.54,-0.5,1.44,-0.54
3478400.0,-13.43,1.29,7.95,-2.61,2.35,0.37
3479400.0,-19.61,0.11,-3.75,0.26,1.15,0.63
3480400.0,-17.76,-0.7,-6.49,-0.09,0.16,-0.18
3481400.0,-16.59,-1.46,-7.59,-0.16,-0.57,0.3
3482400.0,-16.19,-2.84,-7.24,0.28,-0.34,0.17
3483400.0,-11.69,8.83,4.03,-1.73,-0.08,-0.55
3484400.0,-19.26,-4.3,2.66,-0.02,0.07,0.47
3485400.0,-16.78,-2.25,-8.5,2.41,1.03,0.88
3486400.0,-16.9,-1.4,8.26,-1.83,2.17,-0.06
3487400.0,-19.04,-0.42,-4.63,-0.58,0.53,0.11
3488400.0,-18.44,-3.53,-7.85,0.29,-0.46,0.47
3489400.0,-13.25,2.0,10.01,-2.44,3.24,0.08
3490400.0,-19.61,-1.16,-0.94,-0.4,0.44,-0.22
3491400.0,-19.17,-2.46,-3.52,0.85,-0.51,0.37
3492400.0,-11.98,2.35,9.05,0.37,-1.41,0.76
3493400.0,-13.69,2.87,8.3,0.04,-0.28,0.07
3494400.0,-14.97,3.19,9.34,0.13,1.4,-0.61
3495500.0,-15.11,0.53,-7.42,0.2,-0.46,0.64
3496500.0,-18.53,0.52,-8.07,-0.26,1.02,-0.26
3497500.0,-18.31,1.18,-10.93,1.37,-0.6,2.05
3498500.0,-17.26,0.32,5.28,0.85,0.61,-0.14
3499500.0,-14.61,-1.7,8.15,1.73,-2.57,0.7
3500500.0,-19.61,2.12,1.67,-0.71,1.02,-0.28
3501500.0,-12.18,-0.11,11.13,0.6,-0.97,0.48
3502500.0,-19.61,-0.09,-3.94,0.25,-4.37,0.94
3503500.0,-19.61,1.16,-0.68,-0.35,0.12,-0.09
3504500.0,-18.7,3.09,-4.41,-0.15,0.75,-0.74
3505500.0,-15.5,-0.9,-8.77,-0.07,-0.19,0.09
3506500.0,-16.63,-2.34,-9.84,-0.21,-1.52,0.32
3507500.0,-18.25,-0.66,-6.32,-0.37,0.09,-0.6
3508500.0,-18.63,1.05,-2.47,0.67,-1.49,0.14
3509500.0,-19.61,2.7,-2.24,-0.63,-3.56,2.47
3510500.0,-15.79,4.36,5.59,-0.75,1.02,-0.64
3511500.0,-18.22,3.54,1.52,0.04,-2.58,1.15
3512500.0,-14.89,4.59,6.9,-0.46,0.22,-0.03
3513500.0,-14.99,4.44,7.14,-0.63,-1.03,0.37
3514500.0,-18.33,-0.82,-6.02,2.66,1.98,1.07
3515500.0,-17.16,-2.04,2.62,-0.67,4.37,-0.11
3516500.0,-5.43,3.51,9.17,-2.15,1.43,0.56
3517500.0,-15.23,7.27,0.13,-0.73,-4.27,3.2
3518500.0,-18.01,-2.43,1.74,0.85,-0.26,0.94
3519500.0,-19.61,-2.36,-2.09,0.67,-3.27,-1.25
3520500.0,-19.61,2.79,-2.39,0.43,-2.36,1.23
3521600.0,-19.21,0.47,0.53,0.09,2.98,0.23
3522600.0,-16.15,-0.96,-6.82,-0.81,-2.54,0.88
3523600.0,-10.78,4.26,6.43,-4.01,-2.49,-1.45
3524600.0,-19.61,1.88,-0.05,-0.21,1.34,0.36
3525600.0,-17.79,0.41,-1.11,-0.46,-0.67,0.06
3526600.0,-17.7,4.02,6.57,-0.45,1.93,-1.08
3527600.0,-18.47,4.33,4.91,-0.31,-0.63,0.15
3528600.0,-19.61,1.63,-0.6,1.23,0.98,-0.05
3529600.0,-18.04,5.64,4.85,-0.3,-0.16,-0.1
3530600.0,-19.61,2.46,0.52,-0.22,-0.99,0.01
3531600.0,-19.17,3.0,1.32,-0.4,-0.1,-0.05
3532600.0,-19.48,2.73,-0.54,-0.08,-1.07,0.32
3533600.0,-19.61,2.07,1.69,-0.1,0.06,-0.04
3534600.0,-18.66,3.71,3.95,0.1,-0.49,-0.11
3535600.0,-19.61,-0.48,-2.48,-0.03,-0.18,-0.09
3536600.0,-16.34,4.07,6.93,-0.15,0.17,-0.37
3537600.0,-18.61,2.48,3.31,0.62,-1.6,1.32
3538600.0,-19.59,2.59,2.78,-0.16,0.0,-0.2
3539600.0,-19.61,2.02,2.99,-0.4,0.0,0.28
3540600.0,-18.47,1.49,4.78,-0.17,0.94,0.18
3541600.0,-19.19,4.89,-2.14,-0.24,-2.0,0.49
3542600.0,-14.15,7.52,5.51,-0.24,-0.86,0.2
3543600.0,-14.41,6.46,5.12,0.07,0.04,-0.33
3544600.0,-13.88,5.73,6.36,-0.58,-0.63,0.79
3545700.0,-13.47,6.1,4.77,0.4,-0.25,-0.36
3546700.0,-19.61,-0.88,-4.03,1.58,0.47,0.62
3547700.0,-18.72,4.9,-1.7,-0.08,-0.03,0.0
3548700.0,-18.61,5.04,-2.06,-0.03,-0.06,-0.04
3549700.0,-17.13,5.83,-1.28,0.66,-0.95,0.35
3550700.0,-19.61,0.82,-2.25,-0.04,-0.77,0.02
3551700.0,-19.61,-0.9,-0.56,0.17,-0.15,0.39
3552700.0,-19.45,0.38,-2.34,0.12,-0.33,0.14
3553700.0,-19.61,0.51,-0.59,-0.57,1.3,-0.45
3554700.0,-19.11,4.66,3.95,0.07,-0.54,0.34
3555700.0,-17.37,3.01,4.64,-0.96,-3.84,1.52
3556700.0,-11.2,6.48,3.66,-0.15,-2.52,3.11
3557700.0,-19.04,-1.55,-8.47,1.03,-1.82,1.05
3558700.0,-17.14,4.09,-5.5,-0.75,4.37,-4.37
3559700.0,-7.72,8.59,5.07,-0.22,-0.11,0.25
3560700.0,-15.01,5.58,3.18,0.9,-4.29,3.28
3561700.0,-19.2,1.3,-7.62,-2.02,1.65,-2.71
3562700.0,-5.47,6.61,4.2,-0.85,-0.11,0.72
3563700.0,-19.14,-1.05,-4.58,0.12,0.9,0.5
3564700.0,-19.54,0.61,-7.04,-0.79,-0.53,-0.23
3565700.0,-19.54,-0.97,-6.11,-0.27,0.59,-0.34
3566700.0,-15.49,5.92,-2.72,0.1,-2.26,2.71
3567700.0,-16.24,7.49,2.33,-0.75,-1.39,1.04
3568700.0,-18.38,-1.03,2.77,-0.42,-0.08,-0.18
3569700.0,-19.61,1.08,-5.94,1.36,-2.18,2.0
3570800.0,-18.24,5.39,5.16,0.25,0.87,-0.03
3571800.0,-17.98,6.23,1.65,1.32,0.51,-0.37
3572800.0,-10.95,8.46,4.59,0.38,-0.17,0.68
3573800.0,-15.46,6.96,2.66,0.0,0.99,-0.84
3574800.0,-19.61,3.63,-1.54,-0.22,0.03,-0.36
3575800.0,-19.49,-1.31,-3.87,0.19,-0.38,0.3
3576800.0,-19.04,-1.04,-6.17,-0.44,0.09,-0.22
3577800.0,-17.47,-1.05,-7.06,-0.01,0.03,0.08
3578800.0,-19.61,1.41,-5.04,0.01,-0.25,0.21
3579800.0,-13.69,6.89,1.16,-0.47,3.86,-3.53
3580800.0,-15.14,7.85,1.92,0.2,-1.63,1.54
3581800.0,-19.05,1.87,-4.73,-0.03,0.03,-0.25
3582800.0,-19.61,0.92,-3.0,-0.13,-0.19,-0.1
3583800.0,-19.61,1.07,-3.91,-0.06,-0.1,-0.16
3584800.0,-19.61,1.67,-4.94,-0.64,-0.09,0.47
3585800.0,-15.56,3.59,-8.96,0.22,-0.86,0.34
3586800.0,-13.22,1.67,-9.64,0.11,-0.34,0.18
3587800.0,-12.62,0.73,-10.24,0.18,-0.14,0.05
3588800.0,-11.39,2.48,-10.27,0.18,0.27,0.25
3589800.0,-12.37,-0.68,-9.04,0.68,0.55,-0.16
3590800.0,-13.4,-0.37,-9.58,-0.02,0.13,-0.08
3591800.0,-14.03,-1.47,-9.26,-0.21,-0.28,0.14
3592900.0,-15.62,1.05,-8.53,0.14,-1.96,0.65
3593800.0,-16.94,-0.23,-7.87,0.04,0.7,-0.33
3594800.0,-11.05,-0.02,-10.63,-0.27,0.08,0.04
3595900.0,-10.71,0.42,-9.82,-0.14,0.03,-0.18
3596900.0,-15.91,5.72,5.58,0.32,0.46,0.46
3597900.0,-11.54,-0.01,-11.04,-0.03,0.22,0.08
3598900.0,-10.86,0.74,-9.98,-0.15,-0.07,-0.07
3599900.0,-11.0,0.61,-10.08,-0.05,-0.04,-0.01
900.0,-16.65,1.45,-8.43,0.06,0.48,-0.16
1900.0,-19.61,-0.02,-4.45,1.54,-4.37,1.55
2900.0,-19.61,2.37,1.37,0.14,-0.47,0.05
3900.0,-19.61,2.47,0.51,-0.16,-0.19,-0.01
4900.0,-17.35,3.46,4.04,-1.3,-0.72,-0.04
5900.0,-18.06,0.45,-5.38,-0.75,0.11,0.09
6900.0,-19.61,0.99,-4.55,-0.08,0.01,-0.08
7900.0,-19.61,1.8,-4.27,-0.07,-0.97,0.82
8900.0,-19.21,3.36,-1.34,-0.17,0.05,-0.27
9900.0,-19.61,1.55,-2.82,-0.27,0.71,-0.44
10900.0,-19.61,2.48,-0.52,-0.18,-0.15,0.03
11900.0,-18.86,2.2,4.04,-0.07,-0.12,0.41
12900.0,-18.25,4.03,3.98,-0.79,-0.45,0.24
13900.0,-14.74,7.49,3.8,-0.17,-0.3,0.19
14900.0,-18.23,5.53,1.04,-0.12,-0.51,0.35
15900.0,-17.11,4.53,4.06,-0.65,-1.22,0.11
16900.0,-13.38,4.79,7.8,0.06,-0.23,0.24
17900.0,-15.71,4.98,5.44,-0.16,0.56,-0.31
18900.0,-19.61,3.2,3.17,-0.56,-1.42,0.17
20000.0,-19.61,1.41,2.2,0.2,-1.03,0.31
21000.0,-18.44,1.58,4.44,0.41,-1.15,0.02
22000.0,-19.61,1.81,2.46,-0.26,-0.13,0.05
23000.0,-19.61,0.29,2.08,-0.46,0.2,0.03
24000.0,-19.61,0.93,-1.8,-0.12,0.44,0.42
25000.0,-18.85,1.86,-1.45,-0.11,0.12,-0.04
26000.0,-19.58,2.32,-1.6,0.3,-0.42,0.33
27000.0,-19.61,1.37,-2.42,0.07,0.0,-0.07
28000.0,-19.61,0.72,-2.34,0.34,-0.77,0.04
29000.0,-17.35,5.04,1.54,-0.36,-1.65,1.8
30000.0,-17.03,4.51,5.22,0.04,-0.37,0.32
31000.0,-18.47,4.11,1.35,0.05,0.68,-0.43
32000.0,-18.86,4.74,-0.77,0.04,0.26,-0.32
33000.0,-19.09,3.93,1.9,-0.99,-1.18,0.03
34000.0,-17.71,1.94,6.27,0.21,0.46,-0.01
35000.0,-16.64,6.35,3.92,-0.45,0.11,-0.54
36000.0,-18.96,6.63,0.9,0.37,1.06,-1.29
37000.0,-18.88,5.05,-1.24,0.22,-0.39,0.76
38000.0,-18.26,5.05,1.95,-0.45,-0.52,-0.16
39000.0,-19.61,1.48,-4.05,0.35,1.03,-0.33
40000.0,-17.4,0.12,-7.59,-0.25,0.05,-0.15
41100.0,-16.75,2.97,4.68,-0.26,1.08,-0.36
42000.0,-18.86,4.88,0.85,-0.01,0.17,-0.36
43000.0,-19.2,4.54,0.98,0.05,-0.12,0.08
44100.0,-19.61,4.14,0.89,0.04,0.27,-0.2
45100.0,-18.86,4.16,1.84,1.11,-0.14,0.45
46100.0,-19.61,3.85,0.05,0.15,-0.46,-0.24
47100.0,-19.61,2.72,-2.2,-1.78,-1.24,1.92
48100.0,-16.04,5.7,0.62,-0.3,-0.73,0.86
49100.0,-18.68,1.07,-2.8,0.09,-0.32,-0.04
50100.0,-18.12,4.17,1.12,0.05,2.73,-1.06
51200.0,-17.8,3.45,-0.85,-0.31,1.95,-1.79
52400.0,-17.84,3.45,-4.35,0.76,1.85,-1.16
53100.0,-18.58,1.16,-6.21,-0.79,-0.03,-1.25
54200.0,-19.61,-0.48,-4.16,0.62,-1.8,-0.21
55100.0,-19.29,1.01,-2.37,-0.19,-1.74,1.19
56400.0,-18.27,5.84,5.52,-0.45,0.73,-0.71
57100.0,-12.69,7.95,5.42,0.17,0.06,-0.06
58100.0,-19.61,7.6,1.92,0.13,0.56,0.43
59200.0,-19.07,-0.96,-7.57,1.28,0.42,1.85
60100.0,-19.61,2.81,-2.76,-0.94,-0.88,0.07
61100.0,-19.61,0.84,-3.05,0.05,-0.57,0.47
62100.0,-18.33,1.67,-5.39,1.86,0.75,-0.25
63100.0,-19.43,1.42,-1.49,0.41,-1.06,0.61
64099.99999999999,-18.57,0.81,5.77,-0.64,-0.59,0.15
65099.99999999999,-19.61,3.39,0.45,-0.03,-0.24,0.09
66100.0,-16.5,0.95,-6.32,-0.29,0.52,-0.54
67200.0,-15.78,-2.6,-8.49,0.06,0.09,-0.1
68100.0,-17.35,1.16,1.66,-0.76,-1.75,0.66
69300.0,-19.61,2.16,-1.5,0.16,0.92,-0.57
70200.0,-19.16,1.77,-2.73,0.16,-0.93,0.57
71200.0,-19.47,1.06,-3.64,-0.09,-0.14,-0.06
72300.0,-18.62,-0.75,-4.73,0.01,-1.9,1.12
73200.0,-16.99,7.11,3.09,-0.06,-1.13,0.92
74200.0,-15.93,4.98,6.93,-0.44,0.2,0.08
75200.0,-19.56,0.03,3.41,0.43,-0.96,0.06
76200.0,-18.1,1.9,6.28,0.03,-0.07,0.05
77200.0,-16.94,4.24,1.58,0.51,1.23,0.55
78200.0,-17.98,1.98,6.13,0.24,0.55,0.3
79200.0,-19.61,-2.75,-2.14,0.09,-0.42,0.13
80200.0,-19.61,0.78,-1.33,-0.31,-0.13,-0.19
81200.0,-18.35,4.0,1.93,-0.04,-0.48,-0.11
82200.0,-17.04,4.31,3.09,0.59,-0.65,1.01
83200.0,-19.61,0.3,-3.89,-0.73,0.01,-0.75
84200.0,-19.61,2.27,-3.31,-0.1,3.69,-1.89
85200.0,-17.57,4.15,2.38,0.33,2.58,-0.8
86200.0,-16.68,5.3,4.04,-0.31,-0.28,-0.04
87300.0,-19.61,0.51,-1.55,-0.88,-0.29,-0.06
88200.0,-19.61,1.55,-0.01,-1.28,-1.54,-0.01
89200.0,-19.16,2.47,-2.97,0.02,1.13,-1.38
90200.0,-15.91,4.28,5.25,0.38,0.84,0.0
91200.0,-13.86,4.9,5.47,0.07,-0.06,0.11
92200.0,-15.68,3.85,6.44,0.51,-0.24,-0.11
93300.0,-11.5,4.6,5.99,1.14,-0.46,0.15
94300.0,-12.69,4.67,5.49,0.61,1.16,-0.02
95300.0,-13.47,4.78,4.53,0.45,1.54,0.01
96300.0,-16.12,4.17,4.98,-0.32,-0.89,0.42
97300.0,-19.61,1.04,-6.66,1.26,-2.33,0.56
98300.0,-18.49,3.87,3.3,0.48,0.29,0.16
99300.0,-18.31,4.08,0.85,-0.14,0.9,-0.13
100300.0,-19.01,0.91,-3.07,0.44,0.79,-0.72
101300.0,-19.49,2.49,-1.92,0.26,2.64,-0.65
102300.0,-18.19,2.08,2.66,-0.29,3.57,-0.39
103300.0,-16.54,4.03,4.56,0.77,-0.27,0.02
104300.0,-14.15,4.13,5.58,0.36,1.31,-0.19
105300.0,-18.87,5.2,1.38,0.05,0.39,-0.27
106300.0,-19.61,1.44,-1.93,-0.18,-0.4,-1.13
107300.0,-18.03,-3.59,-5.67,-0.06,-0.09,-0.09
108300.0,-19.33,1.18,0.42,0.19,-2.08,0.96
109300.0,-19.61,1.05,-1.34,0.38,0.91,-0.24
110300.0,-15.73,3.21,6.28,0.94,0.52,0.22
111300.0,-13.7,4.31,5.76,0.3,0.24,-0.03
112300.0,-12.56,3.99,8.58,0.28,-0.16,0.43
113300.0,-19.61,2.24,1.92,-0.25,0.31,-0.24
114400.0,-15.29,5.81,4.18,-0.25,-0.58,-0.47
115300.0,-19.61,3.07,0.42,-0.37,-0.58,0.21
116300.0,-14.55,5.08,6.64,0.31,0.03,0.02
117300.0,-17.01,3.02,0.92,0.2,1.19,-1.0
118300.0,-15.37,5.04,4.9,0.5,0.6,-0.33
119300.0,-16.61,3.81,6.5,-0.19,-0.82,1.24
120400.0,-19.61,2.91,8.14,-0.87,-1.21,1.29
121400.0,-19.61,2.24,2.59,-0.81,-1.53,0.59
122400.0,-19.49,1.66,-1.2,-0.27,0.58,-1.11
123400.0,-17.35,3.4,-1.02,-0.2,1.52,-1.19
124400.0,-19.61,2.23,-3.25,0.5,0.12,-1.1
125400.0,-19.61,2.78,0.21,0.46,0.7,-0.75
126400.0,-19.61,0.68,-0.86,0.1,-0.01,-0.14
127400.0,-18.83,0.02,5.09,-0.8,-1.14,1.87
128400.0,-19.61,-0.4,0.95,-0.78,-2.33,1.57
129400.0,-19.61,2.24,-2.19,0.05,-0.1,-1.08
130400.0,-18.34,4.71,0.63,0.59,0.71,-0.48
131400.0,-19.61,2.52,3.22,-0.53,0.09,0.62
132400.0,-19.61,0.83,0.17,-0.31,-0.99,0.28
133400.0,-19.49,4.07,0.94,0.58,0.2,-0.49
134400.0,-19.61,-0.35,-1.71,0.0,0.22,-0.48
135400.0,-15.4,2.91,5.87,0.19,-2.5,-1.35
136400.0,-11.75,-2.5,7.94,-0.32,-0.64,-0.12
137400.0,-19.17,-5.1,-3.69,-4.37,3.08,-1.67
138400.0,-17.07,-2.09,-7.9,0.3,-0.16,0.44
139400.0,-18.1,-2.52,-5.45,-0.45,-0.4,-0.03
140400.0,-18.99,-2.29,-5.32,0.43,0.32,0.44
141500.0,-18.32,-1.53,-5.7,-0.12,0.11,-0.02
142400.0,-18.82,-1.47,-5.36,-0.08,-0.66,-0.02
143400.0,-17.08,-1.4,-7.41,-0.15,0.02,0.09
144400.0,-11.88,-2.47,7.7,-0.36,-0.05,-0.1
145500.0,-10.37,-3.43,10.62,-1.48,0.56,0.69
146500.0,-10.94,-5.62,7.11,-0.05,-0.36,0.36
147500.0,-14.41,4.65,4.17,0.19,3.62,2.16
148500.0,-19.61,2.19,0.06,-0.56,-0.75,-0.08
149500.0,-15.72,5.16,5.41,0.09,-1.9,0.81
150500.0,-13.53,6.78,5.72,0.13,-0.94,0.21
151500.0,-16.39,7.18,3.61,-0.09,-0.92,0.58
152500.0,-15.06,6.38,3.37,0.39,-0.79,0.08
153500.0,-14.97,6.69,3.45,-0.56,-0.78,0.47
154500.0,-17.74,6.92,3.0,-0.22,2.24,-1.64
155500.0,-19.61,2.63,-0.2,0.01,-0.49,0.23
156500.0,-19.61,3.54,0.68,-0.33,-0.71,-0.04
157500.0,-19.16,0.6,-3.02,-0.26,-0.04,0.0
158500.0,-19.4,-1.75,2.64,0.59,-0.21,0.26
159500.0,-19.61,-0.59,-3.17,-0.93,0.38,-0.23
160500.0,-10.43,0.32,9.8,0.39,-1.94,0.53
161500.0,-16.93,4.73,1.15,0.86,2.82,-2.65
162500.0,-19.61,-0.52,-3.08,0.52,-0.9,0.71
163500.0,-19.61,-1.48,-3.44,0.95,-0.54,0.15
164500.0,-18.68,2.21,2.2,0.8,-1.49,0.95
165500.0,-18.51,4.58,4.12,-0.18,-0.05,-0.13
166500.0,-18.71,1.24,-2.54,-3.46,4.37,-3.38
167500.0,-18.98,2.64,-0.07,-2.08,4.37,-3.28
168600.0,-19.11,0.8,-6.16,-0.69,0.04,-0.07
169500.0,-19.61,-1.37,-4.0,1.17,0.03,0.5
170600.0,-19.61,1.57,-3.73,0.9,-4.12,3.21
171600.0,-9.64,6.55,3.44,-1.98,4.37,-2.95
172600.0,-19.58,1.42,-0.93,-2.89,4.37,-2.43
173600.0,-14.87,7.62,4.11,-0.08,-0.11,-0.03
174600.0,-19.61,2.49,-2.81,1.81,-4.34,2.41
175600.0,-19.61,-0.94,-5.97,1.94,-1.71,1.25
176600.0,-16.75,0.72,-7.26,-0.92,-0.55,0.42
177600.0,-18.97,0.2,-7.43,-0.57,-0.16,-0.26
178600.0,-19.61,3.93,0.31,0.26,-1.91,1.3
179600.0,-19.61,-0.94,-5.57,1.55,-1.39,1.03
180600.0,-19.61,0.59,-4.16,-0.41,0.75,-0.51
181600.0,-19.61,1.01,-3.74,-0.07,-0.26,0.05
182600.0,-7.8,8.58,5.03,0.0,1.52,-1.09
183600.0,-10.54,8.78,4.62,0.72,-0.9,0.79
184600.0,-19.13,5.69,1.83,0.0,-0.3,0.23
185600.0,-19.61,6.39,0.14,-1.68,0.24,1.44
186600.0,-15.36,7.57,3.04,-0.15,0.16,-0.06
187600.0,-16.4,6.84,3.42,-0.19,-0.04,0.01
188600.0,-17.74,6.57,3.03,-0.06,0.16,0.01
189600.0,-17.24,6.82,1.33,-0.01,-0.13,-0.07
190600.0,-17.17,6.03,2.15,-0.24,0.05,-0.02
191700.0,-18.03,6.23,2.13,-0.09,-0.25,0.02
192600.0,-17.22,6.39,1.8,0.06,-0.1,0.12
193700.0,-17.27,6.53,1.86,-0.08,-0.02,0.03
194700.0,-19.61,5.87,1.62,0.04,-0.69,-0.08
195700.0,-19.61,2.58,-1.19,0.28,-2.66,-0.33
196700.0,-11.88,7.18,6.11,0.18,-0.12,0.26
197700.0,-13.53,6.8,5.71,-0.81,-0.57,0.34
198700.0,-13.91,7.27,4.75,0.02,0.59,-0.85
199700.0,-16.36,5.16,4.3,-0.75,-0.15,0.07
200700.0,-17.83,4.9,4.65,0.21,0.06,-0.22
201700.0,-14.59,6.48,3.91,0.37,-0.13,0.37
202700.0,-19.05,1.76,2.64,-0.32,2.31,-0.67
203700.0,-19.17,2.09,-2.19,-0.61,-0.22,-0.13
204700.0,-17.35,3.69,3.7,-0.64,-3.45,0.91
205700.0,-19.61,1.81,-1.94,-0.66,0.54,-1.04
206700.0,-18.96,-0.37,-4.95,-0.14,-0.23,0.23
207700.0,-15.28,6.43,-0.19,1.5,3.66,-3.01
208700.0,-19.61,1.24,-4.22,-0.71,-1.71,0.45
209700.0,-18.25,7.03,2.16,0.34,-0.94,0.26
210700.0,-19.61,0.47,-5.28,-0.85,1.11,-1.39
211700.0,-16.55,6.12,1.66,-0.39,-0.76,0.35
212700.0,-17.91,6.2,-3.0,-0.2,0.53,0.05
213700.0,-16.65,6.42,-4.37,-0.04,0.02,0.0
214800.0,-15.7,6.71,-4.67,-0.25,0.03,-0.05
215700.0,-17.92,5.63,-4.68,-0.14,0.0,-0.15
216700.0,-17.82,6.02,-6.39,0.02,-0.06,0.1
217700.0,-17.13,5.17,-5.06,-0.22,-0.13,-0.1
218800.0,-17.93,2.47,-2.36,1.49,-1.37,0.98
219800.0,-19.34,3.56,0.19,-0.22,-0.01,-0.03
220800.0,-19.61,0.31,-1.74,-0.43,-0.49,-0.37
221800.0,-19.61,-1.41,-2.49,0.13,0.06,0.1
222800.0,-19.61,-1.66,-2.89,-0.09,0.55,0.09
223800.0,-18.33,-0.21,-7.19,0.52,1.09,-0.18
224800.0,-17.52,-0.09,-6.35,-0.68,-0.42,0.15
225800.0,-18.46,-1.03,-5.43,-0.34,0.05,-0.06
226800.0,-16.52,-2.13,-8.46,-0.15,-0.08,-0.02
227800.0,-15.94,-2.29,-8.47,0.0,-0.32,0.2
228800.0,-19.61,3.81,2.93,0.24,-2.29,0.9
229800.0,-19.61,1.8,1.13,0.24,-0.33,0.02
230800.0,-18.61,1.16,-4.88,-0.48,0.15,0.06
231800.0,-18.34,-0.23,-5.93,-0.22,0.3,-0.11
232800.0,-18.09,1.54,-5.4,-0.42,-0.44,-0.06
233800.0,-19.61,1.29,-2.25,0.03,-0.75,-0.04
234800.0,-17.11,-0.35,-7.92,0.3,-0.26,0.13
235800.0,-17.05,-1.96,-6.88,0.02,0.11,0.08
236800.0,-18.87,-1.3,-5.49,-0.15,-0.15,0.03
237800.0,-18.98,1.94,-3.26,-0.44,-1.36,1.52
238800.0,-19.61,3.22,-0.04,-0.11,-0.42,-0.14
239800.0,-15.78,-1.9,-11.89,4.37,-3.52,2.18
240800.0,-18.77,0.04,-5.6,-0.18,-0.14,-0.24
241800.0,-18.09,-0.79,-5.94,-0.19,-0.15,-0.01
242800.0,-18.84,3.18,-0.15,-0.06,-2.39,-0.14
243800.0,-11.04,9.13,-11.06,-2.45,3.67,-0.34
244900.0,-19.49,0.29,-1.81,1.05,-0.53,0.21
245900.0,-19.61,1.7,-9.03,-4.13,2.79,0.52
246900.0,-17.55,4.14,3.91,4.37,-4.37,-3.11
247900.0,-18.73,5.15,-2.05,-1.44,2.72,-0.08
248900.0,-17.39,6.73,-1.65,3.92,-1.99,3.08
249900.0,-8.24,6.54,-3.5,-0.02,-1.0,-4.37
250900.0,7.27,-3.6,12.69,2.13,-3.92,0.99
251900.0,-16.15,4.7,9.77,-0.2,-0.47,-1.27
252900.0,-16.78,8.15,-0.05,0.59,-0.69,0.38
253900.0,-19.61,2.45,-8.3,-0.05,2.0,-0.9
254900.0,-19.61,9.21,-1.5,1.8,-0.35,1.68
255900.0,-7.85,7.87,5.87,-0.21,-0.39,0.06
256899.99999999997,-19.61,3.53,-0.9,-2.0,4.37,-0.19
257899.99999999997,-19.61,0.54,1.3,-2.43,1.47,-4.37
258899.99999999997,-15.37,-1.15,-8.56,0.54,3.03,-1.27
259899.99999999997,-12.79,-1.29,-9.81,-0.05,-0.78,-0.4
260899.99999999997,-14.52,3.42,8.4,-0.18,0.85,0.19
261899.99999999997,-19.44,-1.17,-7.35,-0.54,-4.16,0.38
262900.0,-19.39,-1.01,-6.74,0.2,-0.05,-0.2
263900.0,-17.9,2.36,2.11,0.12,-0.97,0.88
264900.0,-18.35,5.5,1.81,-0.4,0.84,-0.45
265900.0,-19.61,1.24,-0.08,-0.16,-1.35,0.25
266900.0,-18.24,1.79,2.45,-0.49,-0.33,-1.9
267900.0,-19.01,0.16,1.84,0.73,4.37,-1.28
268900.0,-15.88,2.43,6.82,-0.19,0.65,-0.2
270000.0,-17.71,2.91,5.1,-0.58,0.2,-0.03
271000.0,-17.79,-0.99,-10.15,0.67,4.37,-4.37
272000.0,-19.46,0.67,6.36,1.19,0.98,0.47
273000.0,-19.61,3.4,3.85,-0.01,-1.43,0.65
274000.0,-17.9,-0.2,-6.5,-0.29,-0.36,0.04
275000.0,-19.61,2.91,3.55,-0.29,-0.65,0.37
276000.0,-19.61,3.26,-2.0,-0.57,-0.04,0.17
277000.0,-18.08,3.3,-2.64,-2.0,0.94,0.28
278000.0,-19.61,0.34,5.29,-0.81,-0.98,-0.03
279000.0,-19.44,0.31,-3.52,-0.12,-0.28,0.04
280000.0,-19.35,0.16,-4.52,0.2,-0.01,0.18
281000.0,-19.34,0.45,-4.14,-0.2,-0.27,0.16
282000.0,-19.29,1.48,-3.13,0.18,-1.63,1.2
283000.0,-19.61,1.67,-5.33,-1.14,0.33,-1.21
284000.0,-19.22,-0.67,-1.57,0.37,-0.37,0.71
285000.0,-18.81,2.48,2.27,0.44,0.45,-0.16
286000.0,-19.61,2.15,-1.11,0.71,0.13,0.22
287000.0,-18.61,2.41,-3.0,-0.7,0.08,-0.25
288000.0,-16.16,6.52,5.3,0.58,-0.68,0.53
289000.0,-19.61,1.83,-2.05,-0.25,-1.01,-0.4
290000.0,-19.09,-2.37,-6.15,-0.5,1.51,-0.22
291000.0,-19.61,-0.82,-2.1,-0.34,-1.17,0.07
292000.0,-19.61,-0.48,-2.19,-0.01,0.21,-0.02
293000.0,-16.51,3.58,6.92,0.95,0.84,-0.41
294100.0,-19.61,1.2,-0.17,-0.69,-0.69,0.29
295100.0,-19.61,0.51,-3.37,-3.2,2.84,1.23
296100.0,-18.34,0.94,-0.68,1.07,1.93,0.43
297100.0,-15.03,-0.12,9.17,1.21,1.71,0.71
298100.0,-19.43,0.26,-5.32,0.7,0.03,-0.44
299100.0,-18.62,1.24,-6.62,0.77,0.85,0.61
300100.0,-19.48,2.16,-1.12,0.45,-0.08,0.71
301100.0,-18.91,2.42,0.01,0.15,-1.36,0.29
302100.0,-12.5,7.69,3.68,-0.66,-1.08,1.09
303100.0,-12.34,6.19,6.39,-1.01,-0.59,0.04
304100.0,-19.61,2.38,-1.37,0.48,-3.13,1.15
305100.0,-13.57,6.79,6.37,0.03,-0.27,0.08
306100.0,-19.61,0.36,-3.21,-0.81,3.55,-2.47
307100.0,-7.7,7.63,4.36,-1.57,-0.5,-1.15
308100.0,-19.61,-2.62,-5.44,-0.7,0.79,-1.24
309100.0,-17.08,2.06,8.01,-0.06,-2.27,0.85
310100.0,-17.4,0.17,5.45,-0.18,3.64,-0.46
311100.0,-19.61,-0.12,-2.05,-0.77,-1.93,-1.59
312100.0,-18.17,1.64,-7.31,0.47,-0.73,0.34
313100.0,-15.41,1.52,-8.49,-0.06,-0.68,-0.06
314100.0,-15.79,0.16,-4.54,0.58,-0.15,0.39
315100.0,-11.87,7.28,6.88,-0.15,-0.13,0.7
316100.0,-18.83,-2.29,0.96,-0.25,2.85,1.63
317100.0,-14.56,1.87,8.74,-1.06,-0.43,0.31
318100.0,-19.61,-2.2,0.23,-0.72,3.05,0.85
319100.0,-15.62,6.57,-0.53,2.01,1.55,4.25
320200.0,-17.78,5.58,2.41,-0.12,-0.18,0.03
321200.0,-19.61,-0.45,-3.91,-0.16,-1.21,0.23
322200.0,-19.61,0.55,-1.05,-0.12,-1.15,0.7
323200.0,-19.23,-2.63,-5.6,-0.78,0.03,-0.42
324200.0,-13.47,8.01,5.84,-0.52,0.0,0.05
325200.0,-18.72,-0.66,3.92,-1.61,1.48,-1.5
326200.0,-19.61,-3.9,-0.56,-0.23,-0.07,-0.03
327200.0,-16.27,-2.29,5.13,-0.61,0.89,0.47
328200.0,-19.61,-1.26,-7.98,-3.59,4.37,0.36
329200.0,-19.08,-4.83,5.75,-2.61,-2.32,-1.62
330200.0,-18.69,-0.84,3.97,0.94,1.97,-1.49
331200.0,-16.66,3.69,-2.1,-0.15,-2.64,2.39
332200.0,-19.61,2.85,-0.89,-0.95,1.86,-1.19
333200.0,-19.61,1.11,-1.71,-0.19,-0.48,0.03
334200.0,-19.61,-0.26,-1.21,-0.05,-0.38,0.12
335200.0,-16.65,0.67,-0.26,-1.35,4.37,-0.51
336200.0,-17.88,0.65,3.31,-0.19,2.88,-0.59
337200.0,-19.6,0.23,-1.06,-0.35,4.37,-0.56
338200.0,-19.16,0.64,-0.96,-0.08,2.49,-0.26
339200.0,-19.17,0.54,1.24,-0.19,2.68,-0.4
340200.0,-17.88,0.32,1.44,-0.18,2.52,-0.7
341200.0,-18.55,1.96,3.39,0.14,2.47,-0.75
342200.0,-19.61,0.44,5.77,0.28,1.31,-0.61
343200.0,-16.45,0.56,8.18,0.03,-0.39,0.06
344200.0,-19.61,1.01,1.96,-0.37,-0.1,0.41
345300.0,-18.79,-0.49,5.66,-0.29,-0.59,-0.31
346300.0,-17.7,2.36,3.62,-0.77,0.79,0.61
347300.0,-18.22,-0.23,-5.34,-0.14,1.08,-0.25
348300.0,-18.85,-1.43,-5.71,-0.22,-0.42,0.04
349300.0,-19.61,2.21,-1.61,-0.24,-0.53,0.24
350300.0,-15.52,6.8,3.58,-0.3,0.23,-0.28
351300.0,-19.42,2.94,-0.44,0.18,-0.78,0.15
352300.0,-14.54,1.25,9.95,1.03,1.19,-0.01
353300.0,-18.43,2.3,4.36,0.18,0.35,0.12
354300.0,-19.61,0.51,2.01,0.23,-0.75,-0.09
355300.0,-19.61,1.03,-0.13,-0.58,-0.17,-0.05
356300.0,-19.56,1.34,3.0,0.04,0.02,0.01
357300.0,-19.0,2.16,3.34,-0.05,-0.17,0.1
358300.0,-19.0,2.69,4.16,-0.18,0.06,-0.06
359300.0,-19.61,1.38,4.43,-0.06,-0.61,0.51
360300.0,-14.72,-2.56,9.6,0.18,0.91,-0.02
361300.0,-16.33,-1.79,-8.46,-0.31,-0.83,0.02
362300.0,-19.14,-2.65,-5.75,-0.23,0.47,-0.04
363300.0,-19.61,-1.8,-4.24,0.51,-0.15,0.08
364300.0,-17.7,-1.81,-6.75,-0.38,-0.08,-0.07
365300.0,-16.93,-2.48,-6.96,-0.07,-0.16,0.02
366300.0,-19.24,-2.09,-5.02,0.03,-0.48,0.42
367300.0,-19.61,1.39,-3.85,-1.08,-1.99,1.34
368300.0,-19.61,-3.43,-4.23,-0.15,0.11,-0.03
369400.0,-18.11,-3.47,-5.6,0.09,-0.46,0.27
370400.0,-19.61,-0.17,-2.72,-0.05,-0.25,0.22
371400.0,-14.8,-3.11,-9.33,-0.51,0.73,-0.54
372400.0,-15.04,-2.92,-9.14,0.0,0.22,0.38
373400.0,-15.31,3.45,-9.11,-0.07,0.16,0.15
374400.0,-15.72,3.88,-7.58,-0.22,-0.47,-0.15
375400.0,-16.15,4.22,-6.06,1.81,-4.37,2.43
376400.0,-16.67,-0.93,-7.73,0.02,0.6,-0.38
377400.0,-17.72,-1.26,-7.0,-0.19,-0.01,-0.08
378400.0,-18.47,-0.7,-6.22,-0.09,-0.67,0.29
379400.0,-19.61,-0.89,-4.14,-0.13,-0.07,0.08
380400.0,-19.61,0.1,-6.62,-0.47,-0.61,0.16
381400.0,-18.94,-0.28,-4.14,-0.1,-0.05,-0.01
382400.0,-19.57,2.95,-2.94,-0.65,-1.0,0.66
383400.0,-17.11,6.45,2.65,0.21,-2.06,1.5
384400.0,-14.88,7.66,2.7,-0.05,-0.35,0.29
385400.0,-16.83,8.33,1.05,-0.42,-0.17,-0.32
386400.0,-18.46,4.33,-2.49,-0.67,-1.01,-0.06
387400.0,-19.55,2.07,-0.98,0.33,0.0,-0.67
388400.0,-19.61,2.86,-1.28,0.04,0.83,-0.59
389400.0,-19.13,3.05,-1.37,-0.24,-0.25,-0.03
390400.0,-18.84,-0.41,-4.03,0.99,0.07,0.53
391400.0,-16.61,-0.83,-7.77,0.09,0.06,0.14
392400.0,-16.14,-1.27,-8.36,-0.11,-0.12,0.29
393500.0,-18.31,0.05,-8.03,-0.59,0.16,0.53
394500.0,-18.95,1.36,-1.64,0.53,-0.08,0.56
395500.0,-17.76,5.02,1.91,-0.33,-0.75,-0.08
396500.0,-18.08,3.92,4.14,-0.39,-0.13,0.07
397500.0,-18.08,3.49,5.78,-0.23,-0.01,0.14
398500.0,-16.85,3.47,6.57,-0.16,0.21,0.38
399500.0,-17.57,5.96,3.25,0.69,0.01,-0.21
400500.0,-19.61,-0.16,-1.07,-0.05,2.02,-0.69
401500.0,-19.0,-0.86,-6.39,-0.57,2.39,-0.81
402500.0,-17.0,3.41,3.02,-0.26,-1.05,0.36
403500.0,-18.71,2.7,-2.36,0.11,0.41,0.01
404500.0,-18.52,1.99,-4.62,-0.02,0.17,-0.07
405500.0,-18.63,2.93,-3.62,-0.15,-0.06,-0.14
406500.0,-19.04,1.98,-5.37,0.09,-0.03,0.12
407500.0,-18.9,1.71,-5.26,-0.16,-0.08,-0.15
408500.0,-18.74,1.97,-4.11,-0.08,-0.05,-0.06
409500.0,-19.61,3.62,1.73,0.84,-0.68,0.96
410500.0,-16.79,7.73,0.83,0.05,0.32,-0.48
411500.0,-12.55,8.67,3.15,-0.1,0.0,-0.11
412500.0,-19.61,2.94,0.19,-0.18,0.39,-0.7
413500.0,-16.52,3.06,3.13,-0.51,1.59,-0.4
414500.0,-19.1,-1.32,-6.73,1.29,-0.57,0.8
415500.0,-19.61,0.87,-2.7,-0.11,-0.58,0.07
416500.0,-19.61,-0.48,-3.76,-0.63,-0.37,-0.68
417500.0,-19.56,-0.15,-3.5,-0.18,-0.15,-0.02
418500.0,-19.29,-0.11,-4.55,-0.13,0.28,0.1
419600.0,-19.61,-1.37,-5.92,-1.25,2.08,-0.93
420600.0,-15.75,0.18,-8.38,-0.18,-0.63,-0.05
421600.0,-15.31,-2.0,-9.12,0.34,-0.08,0.58
422600.0,-19.61,-0.17,-4.89,-0.45,0.31,-0.55
423600.0,-17.78,-1.98,-6.89,-0.07,0.03,-0.32
424600.0,-17.36,-0.09,-6.15,-0.91,0.11,-0.46
425600.0,-18.96,2.2,-0.71,-0.16,0.86,-0.81
426600.0,-19.6,3.87,-0.41,-0.5,-0.71,-0.58
427600.0,-19.61,-0.13,0.07,1.08,0.98,0.06
428600.0,-18.03,4.14,1.41,-0.53,2.05,-1.87
429600.0,-19.61,-0.71,-4.03,-2.14,1.12,-0.93
430600.0,-16.66,2.25,-5.55,-1.58,0.26,-1.13
431600.0,-17.21,2.34,0.23,-1.48,-1.49,1.76
432600.0,-18.2,0.81,-3.66,0.6,0.12,0.1
433600.0,-17.41,3.27,3.22,-0.73,1.3,-0.5
434600.0,-15.56,-0.09,-7.83,0.54,1.11,-0.85
435600.0,-19.61,-0.43,-4.65,-1.27,-0.28,-0.97
436600.0,-18.82,-0.35,-4.32,-0.13,-0.33,-0.44
437600.0,-19.61,1.47,0.79,0.19,-0.75,0.6
438600.0,-19.61,2.25,-1.3,-0.07,0.02,-0.03
439600.0,-19.61,1.93,-0.75,-0.13,-0.7,0.46
440600.0,-16.84,3.97,2.32,-0.22,-1.25,0.26
441600.0,-15.96,4.21,4.14,-0.41,-1.68,-0.52
442600.0,-16.54,3.8,6.93,0.31,-0.06,0.17
443600.0,-17.55,4.46,5.43,0.0,0.46,-0.21
444700.0,-16.29,5.07,6.03,-0.7,-0.34,-0.63
445700.0,-14.66,3.21,5.87,0.12,2.34,-0.47
446700.0,-12.14,2.79,7.68,0.07,-0.53,-0.06
447700.0,-16.33,2.72,7.37,-0.46,-1.54,-0.02
448700.0,-19.61,1.94,6.26,-0.12,-0.94,0.64
449700.0,-14.35,1.52,8.3,-0.17,-0.04,0.01
450700.0,-15.1,0.04,8.98,-0.21,0.66,-0.08
451700.0,-11.44,3.09,0.93,0.51,3.59,-0.52
452700.0,-19.61,-0.95,-2.37,-0.31,-0.65,0.74
453700.0,-18.78,2.15,-2.9,0.37,-0.26,0.72
454700.0,-19.37,0.71,-5.61,-0.41,-0.29,-0.07
455700.0,-19.61,-0.1,-5.48,-0.24,0.45,0.31
456700.0,-14.45,1.59,-8.99,-1.22,-0.41,0.07
457700.0,-16.07,2.46,-7.27,0.87,-0.04,-0.06
458700.0,-15.02,-1.89,-9.65,0.2,0.18,-0.57
459700.0,-16.71,-2.04,-7.58,-0.21,-0.73,-0.03
460700.0,-17.83,-1.9,-4.7,-0.38,-1.57,-0.9
461700.0,-17.93,-2.52,-3.52,-1.7,-1.39,-0.49
462700.0,-19.1,-2.54,-5.19,-0.69,-0.92,-0.75
463700.0,-19.12,-3.36,3.06,0.41,-0.64,0.03
464700.0,-13.53,2.48,8.37,-0.32,-0.5,0.16
465700.0,-15.19,2.09,7.6,-0.26,0.45,-0.01
466700.0,-12.46,1.66,9.64,0.04,-1.03,0.99
467700.0,-19.61,-0.35,3.4,-0.28,1.12,-0.2
468700.0,-13.55,2.53,9.17,-0.47,0.2,-0.5
469800.0,-14.43,0.74,6.98,-0.99,1.04,-0.07
470800.0,-17.14,2.22,5.79,0.09,1.51,-0.23
471800.0,-18.53,2.69,4.34,-0.51,-0.77,0.07
472800.0,-14.96,0.49,9.06,0.86,-2.2,-0.18
473800.0,-13.89,1.48,9.34,0.44,-0.87,0.45
474800.0,-16.12,1.9,6.87,0.06,-0.77,-0.01
475800.0,-16.52,2.08,7.07,-0.11,-0.04,0.01
476800.0,-15.94,2.56,6.73,0.36,1.69,0.15
477800.0,-14.68,3.82,8.46,0.25,0.14,-0.22
478800.0,-19.61,0.84,4.25,0.15,-2.61,1.41
479800.0,-16.11,4.18,5.71,-0.34,0.51,-0.37
480800.0,-14.48,0.46,9.87,0.04,-0.42,-0.31
481800.0,-19.61,0.42,-2.81,-0.22,0.34,-0.02
482800.0,-16.39,3.82,2.45,0.29,-1.62,0.69
483800.0,-18.4,-1.56,-4.77,0.03,0.87,-0.69
484800.0,-19.34,4.15,-0.67,-0.31,-1.73,0.57
485800.0,-15.07,5.64,5.73,-0.33,-0.88,0.27
486800.0,-19.61,2.54,-2.68,1.75,-0.15,1.31
487800.0,-19.61,0.31,0.91,0.04,0.19,0.12
488800.0,-19.61,1.58,2.24,-0.58,0.06,0.5
489800.0,-8.07,-7.83,12.88,0.89,1.66,0.12
490800.0,-18.7,3.9,-1.19,0.41,0.16,0.94
491800.0,-18.33,1.8,-6.03,-0.24,-0.15,-0.05
492800.0,-19.61,1.56,-3.47,-0.1,-0.07,-0.01
493900.0,-18.93,1.86,-2.65,0.07,-0.54,0.48
494900.0,-19.61,0.35,-4.41,0.19,-0.59,-0.32
495900.0,-17.87,-1.1,-6.6,-0.14,-0.62,0.39
496900.0,-18.92,-1.36,-4.94,0.0,-0.17,0.13
497900.0,-17.73,0.53,-4.11,-1.9,-0.61,-1.27
498900.0,-18.51,1.78,-4.51,-0.58,-0.92,1.02
499900.0,-18.12,4.72,0.68,-0.34,-0.1,0.05
500900.0,-16.0,6.69,0.75,-0.64,-1.63,0.21
501900.0,-17.01,6.39,3.58,-0.84,-0.48,0.22
502900.0,-17.31,3.01,4.44,-0.18,-1.19,-0.44
503900.0,-17.53,5.2,2.69,-1.23,1.39,-1.66
505100.0,-18.6,7.01,-0.95,1.54,1.59,-1.27
505900.0,-14.56,6.99,5.06,-0.44,-0.34,0.28
506900.0,-18.9,-2.3,-5.12,-0.21,-0.1,0.33
507900.0,-19.61,-1.46,-1.34,-0.52,-0.17,-0.2
508900.0,-19.61,-0.62,2.95,2.6,-0.98,1.56
509900.0,-18.42,-4.58,-4.16,-0.02,0.27,-0.12
510900.0,-18.29,-4.87,-3.89,-0.07,-0.08,0.0
511900.0,-18.2,-4.66,-3.65,-0.09,-0.11,0.02
512900.0,-19.43,3.05,3.07,-0.06,-0.23,0.06
513900.0,-17.43,5.15,2.71,0.5,-0.11,0.64
514900.0,-17.37,4.5,-4.43,1.22,-1.39,1.36
515900.0,-13.03,8.2,-0.51,0.55,-1.26,1.46
516900.0,-8.81,9.58,-1.84,0.16,-0.21,0.35
517900.0,-9.61,9.73,-1.3,-0.09,-0.06,0.0
519000.0,-10.11,9.64,-0.77,-0.14,0.07,-0.07
520000.0,-9.74,9.66,-1.65,-0.01,-0.09,0.01
521000.0,-9.79,9.69,-1.4,-0.11,-0.03,-0.05
522000.0,-18.26,1.45,6.34,-0.13,-0.17,-0.21
523000.0,-16.07,3.58,7.71,1.05,0.29,1.35
524000.0,-18.67,-3.16,-2.61,-0.63,0.59,-0.18
525000.0,-19.1,0.34,-5.22,2.8,0.02,1.7
526000.0,-19.61,1.45,-2.41,-0.01,0.46,0.11
527000.0,-18.72,0.85,-6.25,-0.07,0.18,-0.29
528000.0,-15.59,-3.45,-6.59,0.42,-0.24,-0.02
529000.0,-15.01,-4.11,-7.78,-0.25,-0.34,0.3
530000.0,-19.61,-0.25,-9.3,-2.24,0.11,4.37
531000.0,-6.68,1.99,8.95,-0.11,2.72,0.33
532000.0,-19.61,8.16,-6.39,-4.37,-1.81,-4.37
533000.0,-18.14,5.56,0.99,-0.43,-0.04,0.09
534000.0,-19.61,3.94,-0.14,0.44,-0.96,0.74
535000.0,-18.6,5.37,-0.22,-0.08,-0.08,-0.02
536000.0,-16.39,0.2,6.26,0.64,-0.38,-0.28
537000.0,-15.12,3.14,6.83,-0.82,0.28,-0.36
538000.0,-18.49,-3.38,-5.19,-0.03,0.21,0.32
539000.0,-18.84,-1.93,-5.87,0.09,-0.27,0.28
540000.0,-19.18,-1.31,-5.76,-0.24,0.2,0.0
541000.0,-17.8,-1.51,-6.63,-0.06,0.03,0.01
542000.0,-18.56,-1.93,-5.32,-0.13,0.74,-0.46
543000.0,-19.22,-2.41,-3.43,-0.07,-0.46,0.01
544100.0,-19.61,-0.52,-0.97,0.39,-0.06,0.89
545100.0,-18.2,-3.91,-6.89,-2.01,2.33,-1.75
546100.0,-17.08,-3.07,-7.52,-0.31,0.25,-0.19
547100.0,-18.57,-2.8,4.3,2.76,1.26,1.91
548100.0,-19.35,-0.77,-2.84,-0.3,-0.3,-0.24
549100.0,-19.61,-0.07,0.97,-0.53,0.31,-1.13
550100.0,-19.61,-1.47,-2.81,0.45,-0.26,0.51
551100.0,-19.61,0.5,2.21,-0.19,-1.05,0.17
552100.0,-19.61,-0.06,0.18,0.59,-0.45,0.26
553100.0,-19.57,-0.62,-2.72,-0.47,-0.12,-0.21
554100.0,-19.61,1.96,0.51,0.23,-0.04,0.19
555100.0,-17.66,5.49,3.59,-0.91,-0.05,-0.39
556100.0,-19.61,4.76,2.97,-0.12,-1.39,0.69
557100.0,-19.61,1.94,0.55,0.0,0.89,-0.49
558100.0,-19.61,0.97,-0.11,-0.08,0.19,-0.08
559100.0,-19.61,-1.93,-1.19,0.68,1.06,0.07
560100.0,-17.94,2.72,-0.97,-0.09,-0.54,0.1
561100.0,-19.61,1.61,-1.18,0.41,-0.04,0.18
562100.0,-19.27,2.44,0.47,-0.38,-0.09,-0.11
563100.0,-18.06,4.17,1.96,-0.08,-1.24,1.35
564100.0,-19.01,2.77,3.44,-0.25,-0.11,-0.1
565100.0,-19.61,1.27,0.5,0.01,0.03,-0.11
566100.0,-19.61,-0.04,-1.57,-0.73,0.24,-0.51
567100.0,-19.61,-0.52,2.84,-3.13,-1.81,0.38
568200.0,-15.04,0.25,7.91,0.01,-0.14,0.31
569200.0,-17.36,0.48,7.53,1.78,1.95,0.41
570200.0,-19.61,1.8,-1.51,-1.02,-2.32,-1.2
571200.0,-19.61,0.33,3.93,-0.84,-1.33,-0.53
572200.0,-19.31,3.9,4.72,0.03,0.04,0.09
573200.0,-18.12,2.01,3.54,-1.28,1.31,-0.68
574200.0,-19.61,-3.33,-3.1,0.03,0.68,0.01
575200.0,-19.61,1.82,-0.04,0.04,-0.69,0.62
576200.0,-19.61,2.43,0.33,-0.03,0.13,0.03
577200.0,-10.65,5.08,5.56,0.45,3.9,-1.55
578200.0,-19.11,3.51,3.93,-0.5,1.89,-1.11
579200.0,-19.61,2.99,3.9,-0.38,1.27,-1.37
580200.0,-19.61,1.03,2.76,0.03,0.96,-0.99
581200.0,-19.61,0.35,1.33,0.57,0.17,-0.49
582200.0,-19.61,0.89,-0.21,0.61,-1.89,1.11
583200.0,-19.61,0.28,1.52,0.3,-1.63,0.91
584200.0,-19.61,1.59,1.39,-0.22,0.21,0.38
585200.0,-17.76,2.36,1.45,-0.62,-0.41,0.2
586200.0,-19.49,2.99,3.57,0.06,0.86,-0.91
587200.0,-19.61,1.42,0.52,0.46,-0.06,-0.07
588200.0,-19.56,3.85,2.42,-0.06,-0.09,0.01
589200.0,-17.53,3.86,2.73,-0.17,-0.51,0.16
590200.0,-18.77,4.19,1.47,0.05,1.39,-0.83
591200.0,-18.32,3.62,0.77,-0.64,1.1,-1.19
592200.0,-18.88,3.54,0.81,-0.9,-0.88,0.55
593200.0,-19.61,2.34,-1.53,-0.31,-0.42,-0.17
594300.0,-19.61,0.71,0.44,-0.4,0.07,-0.13
595300.0,-19.61,0.71,-3.54,0.74,0.19,1.4
596300.0,-16.68,5.35,0.63,-1.0,-1.4,2.28
597300.0,-14.47,5.27,4.97,-0.73,-2.51,1.08
598300.0,-14.83,6.34,6.85,0.16,-0.04,0.12
599300.0,-18.65,5.9,3.06,0.09,0.82,-0.44
600300.0,-18.0,2.48,1.86,-1.25,1.19,-0.71
601300.0,-19.61,0.85,-2.02,0.47,-1.83,0.75
602300.0,-16.74,3.86,2.73,-0.97,-0.78,-0.07
603300.0,-18.44,2.66,3.62,0.5,-0.04,0.13
604300.0,-19.61,0.09,-0.57,-0.21,-0.64,0.0
605300.0,-17.63,1.5,4.79,-0.44,-0.91,0.3
606300.0,-12.28,5.83,7.33,0.46,-1.04,0.32
607300.0,-19.61,2.19,4.04,-0.17,-1.25,0.93
608300.0,-18.61,2.47,0.2,0.98,1.17,-0.85
609300.0,-19.61,-0.02,-1.46,0.09,-0.57,0.21
610400.0,-16.0,3.07,5.1,1.01,-2.87,-0.92
611300.0,-9.68,-3.22,9.62,-0.67,0.05,-0.24
612300.0,-14.76,-3.56,7.03,0.64,1.74,0.67
613300.0,-18.48,-2.73,-5.3,-0.03,-0.19,0.02
614300.0,-17.45,-1.79,-6.19,0.48,-0.53,0.2
615300.0,-19.61,-0.78,-1.18,-0.02,0.21,-0.06
616300.0,-19.26,-1.78,-1.21,-0.38,-0.24,-0.13
617300.0,-14.91,-1.5,8.6,-1.09,-1.16,-1.23
618400.0,-10.73,-4.43,5.51,-2.7,0.43,0.27
619400.0,-18.24,3.04,4.58,-0.16,-1.02,0.07
620400.0,-13.68,5.56,8.09,0.08,1.39,-0.72
621400.0,-11.16,5.3,6.63,-0.2,0.36,-0.53
622400.0,-15.83,5.15,5.85,-0.12,-0.07,0.08
623400.0,-13.57,4.7,7.44,-0.22,-1.46,0.6
624400.0,-16.84,2.82,7.16,-0.08,-0.14,-0.04
625400.0,-16.96,2.66,7.49,-0.15,-0.23,-0.03
626400.0,-17.44,-0.02,3.89,-0.99,1.2,-1.44
627400.0,-16.64,2.96,-4.26,-2.86,0.07,0.9
628400.0,-19.61,-1.98,-5.85,0.31,0.27,-0.24
629400.0,-19.58,-0.09,0.85,0.87,-0.37,0.86
630400.0,-19.61,0.36,0.89,0.22,-0.99,1.34
631400.0,-19.11,1.06,-0.47,-0.13,-1.34,0.53
632400.0,-19.61,2.72,-0.87,0.37,-0.28,0.97
633400.0,-18.39,-1.19,-8.95,0.14,1.45,-0.39
634400.0,-17.59,-2.14,-7.62,-0.47,-1.42,0.58
635400.0,-19.61,-0.99,-3.07,-1.33,-0.38,-1.44
636400.0,-19.17,-1.37,-2.98,-0.61,0.2,-0.42
637400.0,-17.05,-2.33,-6.34,-0.73,-0.74,0.78
638400.0,-19.61,1.38,-3.44,-0.31,1.03,-0.19
639400.0,-19.61,-1.78,-5.62,-0.03,-0.01,0.26
640400.0,-19.04,-1.13,-4.19,0.05,0.03,-0.24
641400.0,-19.61,1.24,-0.5,0.13,-2.56,2.78
642400.0,-18.8,0.13,-6.71,0.19,3.7,-1.17
643400.0,-18.93,1.73,-5.09,0.07,-0.35,0.4
644500.0,-19.61,1.73,2.19,-0.2,0.04,-0.2
645500.0,-19.31,-1.35,-9.05,-0.25,-2.12,0.98
646500.0,-17.21,2.52,-4.86,-0.35,-1.08,0.45
647500.0,-16.85,2.47,-3.24,0.46,-1.35,0.11
648500.0,-19.61,1.57,-5.44,-0.04,1.83,-0.54
649500.0,-18.75,4.44,-0.81,-0.22,0.13,0.01
650500.0,-17.96,2.76,-5.3,0.15,-0.67,0.38
651500.0,-13.32,6.93,5.23,-0.34,-0.68,0.53
652500.0,-13.24,6.88,5.8,0.04,0.27,0.18
653500.0,-17.72,6.58,3.23,0.24,1.56,-0.81
654500.0,-17.91,5.2,2.17,-0.16,-3.45,1.79
655500.0,-17.75,1.21,-7.58,-0.19,-0.28,0.15
656500.0,-19.61,4.81,-2.22,-0.31,-2.92,1.37
657500.0,-19.61,6.43,-2.25,1.08,-1.4,1.82
658500.0,-16.01,6.23,4.15,-0.34,-0.75,-0.05
659500.0,-19.61,2.52,-4.26,-0.15,-0.39,-0.5
660500.0,-19.61,2.82,-5.22,0.45,-1.75,0.94
661500.0,-16.57,6.08,0.14,0.72,3.73,-2.51
662500.0,-19.32,1.86,-5.64,-0.07,-1.44,0.64
663500.0,-18.56,2.12,-6.27,0.19,0.16,0.1
664500.0,-15.99,4.8,-4.39,0.81,-0.29,0.44
665500.0,-19.61,-1.01,14.79,2.7,-4.37,-4.37
666500.0,-17.27,2.36,-6.84,-0.32,-0.18,0.12
667500.0,-16.41,2.54,-8.33,-0.49,2.17,-1.09
668600.0,-15.06,2.25,-8.71,-0.09,-0.08,0.01
669600.0,-14.71,2.01,-8.75,-0.04,0.0,0.0
670600.0,-19.61,2.91,-1.68,-0.02,-0.67,0.37
671600.0,-19.51,5.43,-0.05,0.26,-0.3,0.54
672600.0,-16.33,6.55,1.06,-0.55,-2.06,1.36
673600.0,-19.32,2.85,-2.08,-1.87,-0.71,-0.35
674600.0,-18.52,4.83,2.64,-0.11,-0.18,0.03
675600.0,-17.75,-0.86,9.68,-0.65,-1.93,-0.67
676600.0,-9.97,-1.68,9.76,0.39,-1.02,0.76
677600.0,-18.72,-2.8,3.61,-1.53,0.03,1.61
678600.0,-11.94,3.68,8.0,-0.04,0.0,-0.12
679600.0,-14.41,2.77,8.34,-0.09,-0.1,-0.03
680600.0,-14.79,3.09,8.03,-0.07,-0.11,-0.01
681600.0,-15.98,3.04,7.11,-0.14,0.51,-0.36
682600.0,-14.13,-3.03,9.76,-0.67,-0.22,-0.43
683600.0,-14.38,3.27,3.76,-1.2,3.4,2.3
684600.0,-19.61,1.86,0.79,-0.16,0.62,-0.21
685600.0,-19.61,1.36,-1.98,-0.14,-0.38,0.12
686600.0,-19.61,0.75,-3.38,-0.36,1.01,-0.6
687600.0,-19.61,4.3,-0.3,0.13,3.72,-1.77
688600.0,-19.61,2.81,0.88,-0.22,0.0,-0.33
689600.0,-19.5,2.59,0.06,-0.32,0.68,-0.4
690600.0,-13.5,1.19,6.74,-1.36,-0.5,-0.92
691600.0,-19.02,-0.32,8.12,-1.47,0.27,-0.07
692600.0,-19.06,1.5,-6.25,-1.47,0.71,-0.89
693700.0,-16.23,2.81,6.8,0.25,-0.27,0.02
694700.0,-17.04,2.25,8.09,-0.36,-0.22,0.05
695700.0,-14.7,3.72,8.68,0.18,-0.07,0.07
696700.0,-17.16,4.03,4.47,-0.39,0.6,-0.58
697700.0,-15.45,3.75,6.45,-0.23,0.23,-0.02
698700.0,-14.5,3.78,7.42,-0.09,-0.17,0.02
699700.0,-14.18,3.99,7.61,0.04,-0.11,0.04
700700.0,-16.52,2.77,8.02,0.02,-0.46,0.03
701700.0,-14.76,3.59,7.35,-0.9,1.04,-0.36
702700.0,-13.26,4.54,6.39,0.09,0.42,0.05
703700.0,-19.61,-1.38,-0.73,1.67,-2.79,0.39
704700.0,-16.04,2.4,6.45,0.25,-0.83,0.05
705700.0,-14.65,3.25,8.29,0.03,-0.03,0.13
706700.0,-19.61,0.18,3.74,-1.2,1.71,-0.32
707700.0,-19.61,1.46,3.58,-0.4,0.07,0.18
708700.0,-17.74,5.7,3.46,-0.13,-0.34,-0.12
709700.0,-17.88,-1.35,-7.38,-0.09,-0.44,0.16
710700.0,-18.55,1.19,2.77,0.62,-1.21,-0.13
711700.0,-18.21,1.07,-4.96,-1.42,0.78,-1.69
712700.0,-18.26,-2.11,-5.86,-0.4,-0.18,-0.35
713700.0,-19.02,-1.3,-4.52,0.08,-0.56,0.05
714700.0,-19.61,-0.87,-3.08,-0.55,-0.28,-0.23
715700.0,-19.61,-1.91,-1.47,1.37,-0.78,1.91
716700.0,-17.03,-0.59,-8.06,-0.18,0.4,-0.32
717700.0,-19.61,1.95,-3.45,-0.01,-0.3,-0.69
718800.0,-19.61,1.32,-2.07,0.13,-0.32,0.16
719800.0,-14.37,2.52,8.56,-0.12,-2.28,0.2
720800.0,-12.34,1.01,8.16,0.12,-0.5,-0.03
721800.0,-9.56,1.88,9.15,-0.18,0.02,0.12
722800.0,-8.43,3.33,8.9,0.11,-0.12,0.03
723800.0,-10.0,3.76,8.52,0.56,-0.95,0.31
724800.0,-8.77,3.17,8.96,0.31,-0.13,0.16
725800.0,-9.11,4.39,8.33,0.08,0.02,0.03
726800.0,-14.14,0.07,6.62,-0.02,-2.81,-1.92
727800.0,-10.26,-6.08,8.76,-0.52,-0.07,-0.02
728800.0,-13.29,-6.35,9.32,3.3,-2.14,-0.62
729800.0,-19.61,1.4,-1.84,-0.15,0.08,-0.08
730800.0,-19.13,2.58,0.47,0.28,-0.35,0.46
731800.0,-19.46,2.49,-3.06,0.53,0.29,-0.15
732800.0,-19.61,1.33,0.15,0.03,-0.22,0.03
733800.0,-19.61,-0.52,-4.33,0.96,-2.29,1.21
734800.0,-10.15,7.94,4.7,0.37,-0.12,0.54
735800.0,-14.77,7.66,4.02,-0.19,0.58,-0.88
736800.0,-14.4,6.35,6.56,0.52,0.12,0.53
737800.0,-13.36,6.43,7.15,0.16,0.07,-0.09
738800.0,-19.61,3.75,-1.78,-0.91,-1.16,-0.5
739800.0,-19.61,-1.84,-3.8,0.43,-0.32,0.05
740800.0,-19.23,2.29,2.22,0.09,-0.54,-0.22
741800.0,-19.61,1.19,-0.7,0.02,-0.34,-0.14
742800.0,-19.61,0.65,-1.09,-0.81,0.95,-0.34
743900.0,-19.61,1.74,-1.39,0.26,-0.48,0.19
744900.0,-17.49,-0.31,-2.66,-0.26,0.2,0.76
745900.0,-19.61,2.64,-1.69,0.48,1.1,0.22
746900.0,-19.46,1.98,-3.37,-0.18,-0.12,-0.08
747900.0,-19.61,1.93,-3.4,-0.08,-0.13,-0.07
748900.0,-19.61,1.42,-3.24,-0.13,-0.16,-0.05
749900.0,-18.32,4.56,-3.74,0.09,0.21,0.73
750900.0,-14.97,2.22,-10.77,1.13,2.16,0.97
751900.0,-16.61,2.83,-9.79,-2.4,-4.37,-0.19
752900.0,-16.84,-0.25,7.02,-0.03,-0.71,-0.44
753900.0,-19.56,0.34,-2.19,0.26,-1.35,0.4
754900.0,-19.31,-0.18,-4.03,0.24,0.16,0.01
755900.0,-18.79,-0.67,-4.36,-0.01,-0.04,-0.06
756900.0,-19.61,0.41,-1.53,-0.2,-0.44,0.28
757900.0,-15.78,3.39,1.56,-2.13,-2.4,-0.83
758900.0,-19.19,3.17,-0.89,0.09,-0.15,0.19
759900.0,-19.61,2.46,0.85,0.51,1.04,0.65
760900.0,-19.47,3.95,-3.72,2.72,-2.62,0.99
761900.0,-19.61,1.57,-1.87,0.5,0.35,0.73
762900.0,-13.95,3.36,2.11,0.74,-3.84,-0.85
763900.0,-19.61,-1.21,-5.5,0.9,-4.16,2.92
764900.0,-19.61,-0.43,-8.99,0.02,-1.96,0.45
765900.0,-17.93,1.2,0.63,-0.24,-0.72,0.12
767000.0,-19.04,-2.79,-4.24,-0.46,1.8,-0.91
768000.0,-13.03,7.09,5.27,0.21,-0.32,0.68
769000.0,-19.61,0.78,-4.62,0.02,0.91,-0.8
770000.0,-18.86,3.14,-5.52,-0.32,-0.13,0.0
771000.0,-19.2,0.93,-6.3,-0.13,-1.17,0.25
772000.0,-19.61,0.63,-1.46,-0.26,-0.31,-0.31
773000.0,-19.61,-0.91,-5.59,0.26,0.0,-0.35
774000.0,-18.93,-2.1,-7.78,0.98,-4.37,1.36
775000.0,-13.84,4.01,-3.82,-0.16,-0.51,-0.64
776000.0,-18.15,2.74,-4.17,-0.29,-0.55,-0.33
777000.0,-10.99,8.72,1.57,0.08,-0.11,0.81
778000.0,-14.66,7.85,1.07,-0.63,-0.67,0.74
779000.0,-19.43,4.81,-2.92,0.01,1.63,-1.63
780000.0,-16.17,6.96,0.01,1.2,0.28,-0.54
781000.0,-18.85,0.13,5.22,0.07,0.11,0.23
782000.0,-19.61,0.5,3.93,-1.88,-0.23,0.25
783000.0,-18.69,0.88,0.49,0.54,4.25,-1.29
784000.0,-19.61,-0.87,-3.67,-0.52,-0.27,0.11
785000.0,-18.8,2.06,-0.16,0.08,0.76,0.49
786000.0,-18.81,0.58,-4.48,-0.27,2.48,-0.79
787000.0,-18.05,0.09,-6.29,-0.48,-0.95,0.27
788000.0,-18.95,1.17,-6.34,0.28,0.19,0.09
789000.0,-17.83,3.58,-3.78,-1.63,-0.91,-0.44
790000.0,-14.97,-2.07,5.24,3.04,-0.89,-0.54
791000.0,-19.61,3.43,2.64,0.25,-0.65,0.35
792100.0,-19.26,2.04,-5.37,0.36,0.15,0.2
793100.0,-19.61,4.55,-2.29,-0.2,-0.34,-0.04
794100.0,-12.12,-5.11,9.7,-4.37,0.3,0.4
795100.0,-19.19,0.07,-1.65,-0.05,-0.7,0.13
796100.0,-19.61,-0.17,-0.87,-0.18,-0.49,-0.37
797100.0,-19.61,-9.62,12.93,0.69,-0.32,-0.15
798100.0,-15.46,-3.4,-7.87,-0.17,-0.13,-0.17
799100.0,-17.69,-3.6,-6.76,0.01,0.43,-0.45
800100.0,-17.09,-1.87,-7.98,-0.07,-0.02,-0.03
801100.0,-16.36,-2.09,-7.69,0.14,0.07,0.26
802100.0,-17.55,-0.9,-7.96,0.14,-0.02,0.3
803100.0,-18.43,-0.37,-6.93,-0.62,-0.56,-0.3
804100.0,-19.01,1.04,-0.2,0.0,0.03,0.3
805100.0,-18.91,3.16,1.36,0.39,-0.05,-0.28
806100.0,-19.61,0.02,-1.66,0.87,-0.4,0.05
807100.0,-17.03,-2.51,5.47,1.1,0.39,0.51
808100.0,-19.61,1.86,-0.74,-0.13,-1.12,0.94
809100.0,-17.96,5.24,3.63,-0.03,0.18,0.26
810100.0,-18.73,4.31,0.36,0.09,0.21,-0.22
811100.0,-19.18,3.46,-0.69,-0.04,-0.23,-0.16
812100.0,-19.61,2.52,0.65,0.27,-1.17,0.47
813100.0,-16.12,4.95,6.21,-0.1,-0.16,0.09
814100.0,-15.43,6.18,5.55,-0.1,-0.04,0.01
815100.0,-18.06,3.61,4.48,-1.32,-1.22,0.6
816100.0,-17.21,2.11,4.08,0.32,2.15,-0.27
817200.0,-18.71,2.78,5.28,0.89,-0.55,0.37
818200.0,-19.61,0.03,-0.76,0.01,4.18,-1.35
819200.0,-15.73,3.76,6.15,-0.17,0.96,-0.12
820200.0,-15.63,2.58,6.61,-0.36,-0.81,0.12
821200.0,-18.79,0.17,8.6,-0.47,1.13,0.09
822200.0,-16.2,-1.21,7.49,-0.48,0.15,-0.18
823200.0,-19.61,-0.51,-1.52,0.26,-0.03,0.27
824200.0,-11.28,1.0,8.49,-0.14,0.35,-0.21
825200.0,-17.41,3.32,4.45,-0.16,-1.9,0.75
826200.0,-17.9,3.94,4.46,-0.12,0.31,-0.01
827200.0,-19.61,0.56,-3.68,0.9,-2.1,1.63
828200.0,-19.61,2.21,0.61,-0.02,0.65,-0.13
829200.0,-18.3,1.86,5.6,-0.36,0.08,-0.16
830200.0,-16.63,4.23,4.75,0.19,0.28,-0.23
831200.0,-19.61,4.34,4.73,0.28,-2.41,1.55
832200.0,-19.61,1.54,-1.33,-0.14,1.23,-0.75
833200.0,-19.61,1.75,3.76,-0.17,2.74,-0.91
834200.0,-18.36,4.41,2.32,-0.66,1.42,-1.45
835300.0,-17.63,-3.83,-5.21,-0.42,0.22,-0.3
836200.0,-19.11,-3.25,-4.13,-0.27,0.54,-0.6
837200.0,-19.61,-1.53,0.24,0.75,-3.76,1.83
838200.0,-19.61,-1.22,-4.13,0.73,0.5,0.32
839200.0,-19.61,0.65,0.48,-0.54,-0.83,0.1
840300.0,-19.61,-0.07,1.19,-0.88,-0.89,0.08
841300.0,-19.61,0.03,3.93,-1.28,-1.11,0.41
842300.0,-19.61,0.98,4.98,-1.31,0.05,0.52
843300.0,-19.61,0.64,5.43,-1.51,-1.7,0.31
844300.0,-19.61,0.08,3.13,-1.31,-0.96,-0.58
845300.0,-19.61,0.56,1.79,0.06,1.98,-1.22
846300.0,-13.67,2.64,5.19,0.73,1.02,-0.94
847300.0,-16.68,1.95,4.24,1.15,1.46,-0.4
848300.0,-13.0,4.23,6.77,0.19,-1.2,0.33
849300.0,-19.61,3.27,4.11,-0.48,-1.16,0.77
850300.0,-17.51,3.09,5.79,-0.12,0.23,0.21
851300.0,-19.61,-0.16,0.32,-0.42,-0.1,-0.07
852300.0,-19.61,2.35,2.49,0.16,1.07,-0.47
853300.0,-16.61,6.13,4.17,0.4,-0.36,-0.12
854300.0,-19.61,2.26,0.87,-0.51,-0.01,-0.07
855300.0,-18.66,2.81,-3.08,-0.62,-1.12,0.03
856300.0,-19.26,-0.01,-4.81,-0.36,1.39,-0.68
857300.0,-17.79,4.09,-2.0,0.58,0.11,-0.09
858300.0,-18.9,2.84,-2.93,-0.25,-0.27,-0.32
859300.0,-19.61,1.77,0.47,-1.51,-1.96,0.95
860300.0,-19.61,1.0,-0.16,-0.56,-1.03,-0.2
861300.0,-19.61,2.93,-1.51,-0.09,0.21,-0.79
862300.0,-19.06,4.4,1.52,0.72,0.18,-0.78
863300.0,-17.57,4.67,1.55,1.08,0.3,-0.64
864300.0,-18.91,2.31,-0.34,-0.09,0.12,-0.41
865400.0,-19.61,0.84,-2.77,0.57,-1.16,1.69
866300.0,-14.28,2.55,7.93,-0.87,-0.93,0.22
867300.0,-14.05,6.88,7.07,0.9,0.59,-0.86
868400.0,-17.51,4.98,3.06,-0.87,1.09,-0.43
869400.0,-18.3,4.58,3.97,-0.04,-0.33,0.15
870400.0,-19.08,3.05,1.75,-1.27,0.98,-0.77
871400.0,-19.61,0.81,0.03,-0.02,-0.85,-0.02
872400.0,-19.61,1.67,-0.62,0.46,-0.07,-0.22
873400.0,-19.61,1.88,-1.91,-0.06,-0.52,1.43
874400.0,-18.7,2.84,0.71,0.04,0.65,-0.22
875400.0,-19.61,0.73,-3.21,-0.07,0.03,-0.07
876400.0,-19.61,0.9,1.24,0.64,-2.5,0.84
877400.0,-19.49,2.81,3.12,-0.11,-0.53,0.32
878400.0,-15.33,1.03,5.72,-0.41,1.97,-0.59
879400.0,-19.61,-1.31,-2.1,0.49,-1.55,1.6
880400.0,-11.52,6.51,6.8,0.15,-0.57,0.43
881400.0,-15.78,6.02,4.94,0.05,-1.27,0.76
882400.0,-8.6,5.59,7.92,-0.69,0.42,-0.84
883400.0,-19.61,0.84,1.16,0.3,-1.64,1.25
884400.0,-14.39,5.01,7.43,-0.15,-0.6,0.23
885400.0,-19.61,0.78,2.41,-1.02,1.89,-0.64
886400.0,-19.05,2.48,2.49,0.15,-0.61,0.46
887400.0,-18.63,4.72,3.18,-0.09,-0.09,0.18
888400.0,-12.84,8.95,2.82,-0.01,-0.18,0.08
889400.0,-12.49,9.2,2.39,-0.01,-0.27,0.08
890400.0,-11.85,9.23,3.51,-0.03,0.02,0.0
891400.0,-12.03,9.18,3.19,0.02,-0.08,0.0
892400.0,-11.86,9.22,2.7,-0.09,-0.12,-0.01
893500.0,-17.21,7.8,2.52,0.21,-0.48,-1.58
894500.0,-18.39,4.21,4.49,0.01,-0.66,0.13
895500.0,-16.4,-1.36,8.91,-1.3,-1.97,-1.47
896500.0,-13.97,-2.32,8.39,-1.22,-1.29,-0.3
897500.0,-19.08,-5.15,0.54,-3.24,1.5,0.31
898500.0,-19.32,-2.41,-3.91,-0.55,0.69,0.25
899500.0,-18.49,-2.85,-4.64,0.53,-0.58,-0.33
900500.0,-12.06,-4.95,8.44,-0.62,-0.44,0.17
901500.0,-9.08,-2.77,9.48,0.08,0.34,-0.07
902500.0,-19.61,-1.96,1.78,-1.27,0.54,-0.26
903500.0,-18.06,-1.95,-7.21,-0.27,1.56,-0.78
904500.0,-19.45,0.31,-4.45,-0.18,0.96,-0.47
905500.0,-19.61,-3.13,-5.07,-1.05,-2.16,-0.59
906500.0,-18.88,-0.2,1.71,-0.18,-0.58,-0.1
907500.0,-19.61,-0.7,-2.42,0.09,0.07,0.26
908500.0,-18.9,0.75,-1.38,0.05,1.49,-0.34
909500.0,-16.67,-0.72,-5.67,-0.13,-0.75,0.68
910500.0,-19.61,-0.67,-5.66,0.07,-0.61,0.6
911500.0,-18.13,3.64,-2.07,-0.5,-1.14,2.42
912500.0,-17.04,4.72,2.11,-0.13,-1.41,0.52
913500.0,-18.78,5.4,0.92,-0.08,-0.69,0.51
914500.0,-16.32,6.63,2.85,-0.34,0.07,-0.44
915500.0,-15.28,6.8,3.98,0.13,0.95,-0.86
916500.0,-18.46,5.52,0.8,1.18,0.95,0.23
917500.0,-18.82,5.62,-1.14,0.21,-0.25,-0.13
918600.0,-18.56,6.13,1.44,-0.01,0.09,-0.13
919600.0,-15.3,7.85,1.2,-0.2,-0.11,1.22
920600.0,-16.95,7.04,0.71,-0.27,0.14,-0.34
921600.0,-15.53,7.24,2.11,-0.75,-0.35,-0.22
922600.0,-16.32,6.7,3.25,-0.13,-0.09,-0.16
923600.0,-15.74,7.23,3.36,-0.09,-1.7,0.68
924600.0,-15.09,7.52,2.55,-0.12,1.0,-0.55
925600.0,-18.58,5.82,0.52,-0.1,-0.04,-0.06
926600.0,-19.61,2.9,-1.22,-0.04,0.37,-0.56
927600.0,-19.23,2.51,-2.95,0.19,-0.2,0.04
928600.0,-19.22,1.78,-3.18,-0.01,-0.1,-0.04
929600.0,-19.61,1.18,-8.33,-2.43,0.48,0.06
930600.0,-17.0,6.23,-6.45,-1.82,0.65,-1.78
931600.0,-16.75,-3.57,9.25,-1.71,-2.28,0.36
932600.0,-19.01,5.06,-1.34,-0.09,-1.41,0.84
933600.0,-19.61,4.85,-0.42,-0.35,0.17,-0.4
934600.0,-19.61,3.62,-1.49,-0.12,-0.11,-0.09
935600.0,-18.91,3.24,3.34,-1.47,-0.69,0.0
936600.0,-16.02,-2.79,-7.92,-0.43,-0.95,-0.91
937600.0,-19.02,1.58,2.48,-0.04,-1.66,0.49
938600.0,-19.61,-0.44,0.12,-0.44,2.11,-0.26
939600.0,-16.17,2.04,-6.17,-0.81,0.08,-0.21
940600.0,-19.6,-1.06,0.91,0.34,-1.91,0.59
941600.0,-19.61,-1.58,-3.52,0.14,4.18,-2.38
942600.0,-19.61,-0.15,-2.32,0.09,-0.75,0.71
943700.0,-18.68,2.34,-3.22,0.32,-0.06,0.21
944700.0,-19.52,0.39,-3.51,-0.17,-0.14,-0.02
945700.0,-19.61,-0.74,-0.11,-0.18,-0.1,0.01
946700.0,-18.03,-0.82,-4.58,0.35,0.59,0.61
947700.0,-18.98,0.93,-2.4,-0.24,0.56,-0.08
948700.0,-18.42,-0.58,-5.15,0.03,0.51,-0.39
949700.0,-17.78,-1.28,-6.01,-0.18,-0.97,0.16
950700.0,-18.85,-2.13,-5.24,0.48,0.15,0.42
951700.0,-18.72,-0.36,-5.05,0.14,-0.66,0.47
952700.0,-19.61,-1.51,-3.3,-0.38,0.8,-0.35
953700.0,-19.05,-1.94,-4.69,-0.04,0.04,-0.06
954700.0,-15.39,-3.91,-7.21,0.28,-0.22,0.42
955700.0,-19.02,-0.25,-3.97,-0.01,0.3,-0.26
956700.0,-17.99,0.25,-6.37,-0.51,0.59,0.16
957700.0,-17.95,-1.81,-6.16,-0.12,-0.14,-0.03
958700.0,-19.61,1.54,-1.42,0.09,-0.18,0.36
959700.0,-19.48,3.46,0.73,0.15,-0.28,0.23
960700.0,-16.83,7.33,2.36,0.33,-0.04,0.17
961700.0,-19.61,0.83,1.57,-0.08,0.5,0.27
962700.0,-18.14,2.15,-0.53,0.72,-0.19,-0.33
963700.0,-19.61,-0.64,-2.96,-0.35,-0.33,-0.05
964700.0,-19.58,-0.4,-2.13,-0.07,0.42,-0.46
965700.0,-19.61,-0.31,-1.62,0.17,-0.54,0.3
966700.0,-19.01,-1.94,-4.81,-0.73,0.33,-0.46
967700.0,-19.61,-1.63,-3.34,0.18,0.16,-0.18
968800.0,-19.61,-1.67,-3.61,-0.28,-0.56,0.31
969800.0,-19.61,-0.36,-2.46,0.14,-0.14,0.16
970800.0,-15.82,7.04,1.78,-0.08,0.28,0.06
971800.0,-18.19,4.81,3.06,-0.08,-0.13,-1.03
972800.0,-19.61,4.49,-1.23,0.13,-0.62,0.29
973800.0,-18.27,5.47,-0.71,-0.5,-0.41,0.09
974800.0,-19.56,3.06,-1.45,-0.14,-0.13,-0.08
975800.0,-19.61,2.4,-1.11,-0.22,-0.17,-0.01
976800.0,-19.61,4.36,-0.54,-1.3,-0.93,1.23
977800.0,-17.69,0.91,7.26,-0.49,-0.37,-0.03
978800.0,-16.71,2.07,6.45,1.79,0.28,0.56
979800.0,-17.0,6.17,2.63,0.97,0.46,-0.22
980800.0,-14.76,2.24,6.42,-1.96,-1.16,-0.33
981800.0,-17.77,1.09,2.17,-0.03,1.5,-0.41
982800.0,-17.21,3.91,6.52,0.16,-0.62,0.04
983800.0,-18.8,2.89,3.52,0.98,-0.85,1.1
984800.0,-17.9,-2.71,-7.42,-0.81,0.49,-0.47
985800.0,-19.61,0.41,0.14,-0.75,2.21,-1.18
986800.0,-19.31,-4.35,-2.22,0.36,-0.79,-0.11
987800.0,-19.61,-2.7,2.26,0.37,-0.78,-0.58
988800.0,-19.61,0.79,-3.8,0.1,-1.56,1.08
989800.0,-17.41,4.32,5.48,-0.28,-0.86,0.02
990800.0,-17.0,5.01,5.41,-0.02,-0.08,-0.12
991800.0,-18.49,4.85,4.59,-0.26,-0.06,-0.2
992900.0,-18.99,1.85,3.18,-0.62,-0.55,-0.43
993900.0,-19.35,1.06,5.33,0.32,-0.15,0.42
994900.0,-18.3,3.86,4.44,-0.32,0.09,-0.15
995900.0,-19.27,2.57,5.4,0.3,-0.19,0.03
996900.0,-19.61,1.02,3.43,0.03,-1.15,0.5
997900.0,-19.61,3.04,-2.91,-0.31,-1.4,0.3
998900.0,-19.2,5.27,-0.74,-0.15,0.42,-0.07
999900.0,-17.05,6.75,-0.79,-0.19,-1.13,0.53
1000900.0,-19.61,3.38,-3.39,-0.72,-0.74,0.37
1001900.0,-19.61,1.72,-4.76,-1.1,0.0,-0.33
1002900.0,-19.61,4.23,-6.94,-0.37,2.17,-1.37
1003900.0,-14.46,5.89,5.11,0.55,0.37,0.05
1004900.0,-13.05,6.25,3.47,-0.85,-0.28,0.36
1005900.0,-19.61,5.45,-0.07,0.49,-2.99,2.1
1006900.0,-19.61,2.33,-5.65,-0.12,1.25,-1.08
1007900.0,-19.61,5.15,2.26,0.39,0.27,-0.81
1008900.0,-17.05,0.35,5.29,-0.99,-1.87,1.08
1009900.0,-19.61,0.57,-0.17,-1.31,-2.45,0.43
1010900.0,-19.61,0.08,-1.27,-1.75,-2.63,0.3
1011900.0,-19.23,0.11,3.74,-1.18,-2.56,0.92
1012900.0,-19.61,2.43,2.5,-1.04,-1.75,0.14
1013900.0,-16.88,-0.45,5.8,-0.03,-0.64,0.9
1014900.0,-16.02,2.25,5.56,0.25,-0.47,0.03
1015900.0,-16.54,1.08,7.1,0.09,-1.21,0.43
1016900.0,-18.58,1.32,5.15,-0.73,-0.79,0.72
1018000.0,-17.76,1.29,5.12,-0.52,-0.54,0.92
1019000.0,-16.56,3.78,4.41,-0.27,-0.72,0.27
1020000.0,-19.61,2.23,-0.15,-0.46,2.01,-0.94
1021000.0,-19.61,3.16,2.71,0.33,1.75,-0.64
1022000.0,-19.17,-0.75,-6.89,-1.01,1.4,-0.78
1023000.0,-19.61,0.45,-4.2,-0.04,-0.5,0.24
1024000.0,-19.53,1.48,-3.43,-0.02,-0.05,0.04
1025000.0,-14.21,4.85,2.2,-0.26,-2.71,0.73
1026000.0,-19.61,2.84,3.42,0.26,-0.15,-0.74
1027000.0,-19.61,3.06,-2.69,-1.97,-0.85,0.99
1028000.0,-19.61,-0.01,-3.55,-0.51,2.03,-1.4
1029000.0,-17.9,0.56,-5.11,-0.24,0.11,-0.43
1030000.0,-18.48,-0.73,-6.4,-0.01,-0.87,0.16
1031000.0,-17.54,-1.38,-7.17,0.07,0.57,-0.41
1032000.0,-19.61,0.37,-3.67,-0.84,1.25,-0.58
1033000.0,-19.61,-2.02,-5.09,-0.39,0.94,-0.26
1034000.0,-17.51,-1.51,-6.65,0.0,0.01,-0.06
1035000.0,-16.72,-2.66,-6.31,0.56,-0.22,0.29
1036000.0,-18.47,1.92,1.26,0.21,-1.24,0.74
1037000.0,-18.41,1.58,4.23,0.14,-0.08,0.11
1038099.9999999999,-14.73,4.67,7.22,-0.08,-0.24,-0.32
1039000.0,-13.45,0.96,7.82,-1.63,-2.51,1.44
1040000.0,-10.14,0.9,8.42,-0.32,-0.92,0.27
1041000.0,-11.81,1.41,7.6,0.29,1.2,-0.45
1042099.9999999999,-10.82,0.51,8.88,0.51,-0.61,-0.21
1043099.9999999999,-13.17,1.17,8.22,0.22,0.26,-0.53
1044099.9999999999,-17.54,1.3,7.47,-0.16,0.82,-0.27
1045099.9999999999,-18.92,0.77,3.7,0.05,-0.02,-0.56
1046099.9999999999,-19.61,-0.89,-1.76,-0.19,-0.01,-0.08
1047099.9999999999,-19.61,2.16,-0.41,-1.55,-1.41,0.03
1048099.9999999999,-17.33,2.68,-1.41,1.01,2.98,-0.76
1049100.0,-19.61,1.46,-0.62,-0.18,-1.3,0.56
1050100.0,-19.61,-1.83,-4.84,0.33,-1.11,0.84
1051100.0,-16.33,-2.63,-5.73,0.25,-1.4,0.4
1052200.0,-17.01,-1.78,-6.92,0.34,-0.24,0.17
1053100.0,-17.16,-2.16,-7.76,0.16,0.01,0.04
1054200.0,-17.87,-1.63,-8.21,-0.18,0.02,0.45
1055100.0,-19.61,1.67,1.34,0.37,-1.8,0.8
1056100.0,-17.89,1.07,3.7,-1.54,-3.07,1.59
1057100.0,-19.34,1.76,6.19,-0.52,-0.59,0.31
1058100.0,-19.61,0.71,3.27,-0.5,1.65,-1.07
1059100.0,-19.61,-1.12,-2.23,0.03,-1.19,0.42
1060100.0,-19.61,0.99,-1.11,-0.66,0.2,-0.39
1061100.0,-18.46,3.92,2.11,0.05,1.29,-0.66
1062100.0,-18.49,1.78,1.15,-1.38,-0.49,-0.1
1063100.0,-19.0,2.89,5.23,0.13,-0.18,-0.23
1064100.0,-19.61,1.75,1.26,-0.1,-0.07,-0.16
1065100.0,-17.44,3.28,3.03,0.06,-0.4,0.11
1066100.0,-18.48,2.02,4.23,0.21,-1.1,0.43
1067100.0,-18.42,2.59,3.36,0.33,1.26,-0.6
1068200.0,-19.42,1.64,1.46,-0.09,0.27,-0.25
1069200.0,-17.85,-2.62,-6.22,0.2,-0.13,0.04
1070200.0,-17.59,-1.54,-6.74,0.14,0.15,0.07
1071200.0,-17.23,-2.39,-6.38,-0.09,-0.84,0.28
1072200.0,-16.74,-2.33,-7.88,0.02,-0.11,0.1
1073200.0,-17.81,-3.07,-7.05,0.25,-1.92,0.68
1074200.0,-19.15,1.21,1.58,0.71,-1.73,1.33
1075200.0,-19.61,2.33,0.29,0.08,-0.01,0.29
1076200.0,-19.12,3.08,-0.7,-0.01,-0.2,0.17
1077200.0,-19.61,2.08,-1.87,0.14,1.02,-0.92
1078200.0,-19.56,0.23,-4.75,-0.11,0.31,-0.45
1079200.0,-16.26,-2.03,-7.79,0.1,-0.88,0.38
1080200.0,-17.59,-2.51,-8.25,-0.24,1.37,-0.7
1081200.0,-16.14,-1.51,-5.37,1.54,-0.23,0.29
1082200.0,-18.94,-0.91,-4.49,-0.53,0.67,-1.05
1083200.0,-18.96,-1.9,-7.27,0.22,-0.73,0.29
1084200.0,-19.61,0.16,0.62,-0.13,0.39,0.26
1085200.0,-19.61,-1.02,-0.83,-1.65,-2.2,-0.17
1086200.0,-19.61,-0.07,3.52,-1.42,-1.61,0.43
1087200.0,-17.89,0.73,4.47,0.02,0.26,-0.04
1088200.0,-19.61,-1.7,-3.34,-0.8,-0.52,-0.24
1089200.0,-19.61,-1.72,-2.44,-1.4,-1.66,-0.83
1090200.0,-18.28,-2.42,0.24,0.74,-3.23,1.43
1091200.0,-17.05,-1.44,3.35,1.73,-3.74,2.24
1092300.0,-12.14,4.0,4.58,2.25,-3.21,2.69
1093300.0,-16.68,5.83,0.04,0.79,4.37,-4.37
1094300.0,-19.61,0.61,-0.54,0.2,1.27,-0.29
1095300.0,-19.61,0.97,1.11,-1.39,-1.3,-0.25
1096300.0,-8.53,8.12,6.08,1.21,1.05,-1.25
1097300.0,-19.61,0.39,-0.6,0.56,-1.68,0.49
1098300.0,-17.82,3.34,2.11,0.44,0.56,0.11
1099300.0,-18.73,3.82,3.26,0.03,-0.87,0.3
1100300.0,-16.19,4.42,6.11,0.18,-1.5,1.04
1101300.0,-12.54,4.92,8.21,1.08,-0.38,-0.18
1102300.0,-15.48,3.74,5.96,-0.18,-0.34,0.23
1103300.0,-17.5,3.38,4.97,-0.02,0.02,-0.04
1104300.0,-15.66,4.15,4.32,0.29,0.02,0.02
1105300.0,-19.61,0.48,-2.94,-0.23,-0.72,0.3
1106300.0,-19.61,0.17,1.59,-0.03,-0.49,0.5
1107300.0,-19.61,3.26,1.35,0.47,-0.31,-0.51
1108300.0,-19.61,-0.87,-1.17,-0.04,0.09,0.25
1109300.0,-19.61,0.45,-0.77,0.07,-0.07,-0.03
1110300.0,-19.61,-0.64,-1.53,-0.01,-0.12,-0.19
1111300.0,-19.61,-2.89,-3.47,0.27,0.48,0.12
1112300.0,-19.61,0.85,-2.41,-0.34,0.02,-0.2
1113300.0,-19.61,0.7,-3.7,0.16,0.42,0.55
1114300.0,-15.31,1.32,-10.29,-1.41,1.85,-0.67
1115300.0,-19.61,1.57,-3.67,1.13,-3.39,-1.03
1116300.0,-19.3,-2.24,7.13,-2.11,0.64,-0.2
1117300.0,-13.37,-1.41,9.12,0.29,1.77,-0.73
1118400.0,-14.43,1.62,1.41,0.48,-0.71,0.13
1119400.0,-17.52,-1.38,3.97,0.29,0.84,0.67
1120400.0,-19.61,0.51,3.5,-0.18,0.14,-0.01
1121400.0,-19.61,0.38,3.38,-0.32,-0.15,0.11
1122400.0,-11.8,0.15,9.75,-0.67,-0.23,-0.44
1123400.0,-6.35,-2.46,8.79,0.31,1.27,-0.48
1124400.0,-17.36,0.0,5.08,-1.39,-2.03,0.23
1125400.0,-10.24,-1.76,8.87,-0.31,0.02,-0.03
1126400.0,-10.75,-2.16,10.27,0.4,0.56,-0.03
1127400.0,-10.31,-2.83,8.69,-0.14,0.86,-0.46
1128400.0,-14.49,-0.03,7.56,0.99,-2.75,1.11
1129400.0,-18.16,1.34,4.81,1.73,3.0,0.5
1130400.0,-19.61,4.7,2.89,1.7,-1.74,0.98
1131400.0,-14.93,11.37,-2.67,1.1,-3.85,-0.32
1132400.0,-19.42,2.88,-1.94,-0.07,-0.34,-0.14
1133400.0,-19.61,2.66,-2.68,2.18,3.83,-1.34
1134400.0,-19.61,-7.07,4.81,-1.66,-1.48,-0.69
1135400.0,-15.93,2.2,-8.57,-1.36,0.08,3.08
1136400.0,-0.99,6.81,-7.92,0.0,4.0,-2.18
1137400.0,-19.61,1.0,-4.53,-0.61,-1.07,-1.75
1138400.0,-10.65,-0.22,8.37,-3.89,-0.54,-1.53
1139400.0,-16.82,-7.32,1.21,0.49,-0.08,-0.33
1140400.0,-12.6,-7.49,4.74,-0.6,0.04,-0.49
1141400.0,-15.14,-9.21,1.72,0.15,-0.42,-0.37
1142500.0,-15.78,-8.22,-1.94,-0.27,1.4,-0.66
1143500.0,-19.53,-8.54,-0.32,1.12,0.75,1.22
1144500.0,-16.86,2.81,-2.08,-1.01,0.21,0.32
1145500.0,-19.61,2.64,1.98,0.3,0.52,0.43
1146500.0,-7.01,5.26,-8.35,-4.37,4.28,-1.43
1147500.0,-10.39,1.27,3.92,-3.87,1.24,-0.68
1148500.0,-14.99,-0.69,7.31,0.51,1.27,-0.37
1149500.0,-5.47,1.28,12.23,-2.05,-2.42,-0.12
1150500.0,-13.97,-7.39,6.01,-0.12,-0.16,0.03
1151500.0,-6.89,2.0,6.84,-2.2,-0.41,-1.5
1152500.0,-18.2,0.22,6.37,-0.05,0.96,-0.5
1153500.0,-18.71,0.62,5.38,-0.06,-0.09,0.04
1154500.0,-18.43,0.15,5.51,-0.12,0.0,0.03
1155500.0,-18.64,0.33,5.44,0.01,-0.11,0.1
1156500.0,-19.61,1.21,1.01,-1.86,-0.44,-0.39
1157500.0,-17.36,4.67,-1.09,2.14,0.98,-0.48
1158500.0,-17.92,-3.78,11.78,-0.39,-0.57,0.74
1159500.0,-17.3,2.49,8.98,0.48,-1.75,0.93
1160500.0,-18.68,-1.56,3.62,-1.21,0.19,-1.38
1161500.0,-19.61,-2.81,13.45,2.5,0.08,1.43
1162500.0,-16.17,5.33,5.14,0.26,-1.14,-1.28
1163500.0,-12.81,-1.66,6.09,3.43,3.1,2.75
1164500.0,-15.22,8.32,0.67,-0.47,-0.04,-0.02
1165500.0,-19.61,2.99,-1.42,-1.89,3.16,-1.08
1166500.0,-16.67,6.22,-3.27,0.51,-0.63,-0.31
1167600.0,-19.48,4.52,-0.99,-0.02,0.06,-0.01
1168600.0,-18.67,4.4,-1.78,-0.08,-0.11,0.0
1169600.0,-19.13,4.17,-1.86,-0.05,-0.09,0.0
1170600.0,-19.47,4.26,-2.25,-0.11,-0.15,0.1
1171600.0,-19.46,4.46,-3.02,-0.08,0.24,-0.31
1172600.0,-18.67,4.02,-2.24,0.13,-0.09,0.0
1173600.0,-19.12,2.83,-4.95,0.11,0.08,0.11
1174600.0,-19.61,0.75,1.46,0.63,-0.96,-0.24
1175600.0,-16.56,0.78,1.06,0.17,-2.5,-2.52
1176600.0,-19.61,-0.1,1.83,-0.15,-0.05,0.04
1177600.0,-19.61,0.7,0.92,-0.18,0.11,0.1
1178600.0,-18.63,1.05,-5.1,-0.24,-0.65,0.95
1179600.0,-17.9,-0.54,4.25,-0.52,-1.73,-0.08
1180600.0,-15.74,2.69,6.45,0.93,0.87,1.12
1181600.0,-18.04,3.62,4.75,-0.36,-0.67,0.48
1182600.0,-19.61,-0.22,-3.2,-0.69,0.87,-0.37
1183600.0,-19.4,2.21,5.23,3.02,1.88,0.63
1184600.0,-19.36,2.87,-1.69,0.92,-0.79,0.45
1185600.0,-19.61,3.08,6.59,3.14,-1.23,1.16
1186600.0,-19.61,1.3,-2.64,-0.2,-1.57,-0.08
1187600.0,-17.19,1.86,1.76,1.91,1.67,0.66
1188600.0,-19.61,1.02,3.31,-1.3,4.37,0.74
1189600.0,-19.61,0.27,-1.3,-0.61,0.76,-0.33
1190600.0,-15.57,-3.49,5.65,2.71,-2.93,0.7
1191600.0,-19.46,-0.81,4.29,0.23,0.08,0.08
1192700.0,-13.13,-3.09,6.77,-1.34,-0.05,0.94
1193700.0,-15.06,0.23,7.72,0.56,0.16,0.28
1194700.0,-19.26,5.92,-1.94,-1.61,1.37,-0.75
1195700.0,-18.14,1.07,5.13,-0.48,-0.17,0.0
1196700.0,-19.61,0.94,4.16,-1.85,-0.21,1.16
1197700.0,-19.08,0.67,4.34,0.07,0.52,0.23
1198700.0,-18.49,0.97,5.7,-0.31,-0.16,-0.09
1199700.0,-17.01,-1.68,6.73,-0.14,-0.63,0.33
1200700.0,-14.18,4.99,-0.88,-1.65,-0.72,-0.3
1201700.0,-19.61,0.07,-2.51,0.06,-0.24,-0.03
1202700.0,-19.61,-0.05,-3.81,0.01,0.02,0.05
1203700.0,-19.61,-0.27,-4.28,-0.47,-0.49,-0.29
1204700.0,-19.43,-0.12,-0.57,0.61,-0.15,-0.31
1205700.0,-19.61,-2.18,0.72,-0.09,-0.02,0.22
1206700.0,-16.53,-1.26,-7.33,0.74,0.17,0.78
1207700.0,-18.67,-1.36,-4.37,0.05,-1.46,0.31
1208700.0,-19.61,-1.19,0.54,-0.74,-2.29,0.92
1209700.0,-19.61,-0.93,-1.8,0.03,-0.1,0.04
1210700.0,-19.45,1.26,0.5,-2.25,1.87,-0.01
1211700.0,-17.21,3.38,2.95,0.56,0.61,-0.46
1212700.0,-18.19,0.79,1.51,-0.61,-1.15,1.01
1213700.0,-13.42,1.55,8.44,-0.86,-0.36,1.31
1214700.0,-13.75,-1.07,7.82,-0.74,-0.06,0.9
1215700.0,-16.34,-0.07,6.65,0.34,-0.44,0.65
1216700.0,-19.61,2.94,4.6,0.36,-0.13,0.7
1217800.0,-13.48,-7.04,11.78,4.05,0.46,1.45
1218800.0,-19.61,-6.48,-0.82,-0.82,3.53,-2.14
1219800.0,-16.98,-0.61,3.6,0.28,2.57,-0.75
1220800.0,-17.43,-1.07,4.29,-1.14,-0.41,-0.34
1221800.0,-16.81,7.44,-4.85,-0.79,-2.7,1.34
1222800.0,-18.14,0.74,4.86,-0.17,-0.91,0.46
1223800.0,-18.01,-1.68,6.16,-0.45,-0.44,0.0
1224800.0,-17.61,-1.52,6.24,-0.18,-0.05,0.04
1225800.0,-17.64,-1.97,6.01,-0.13,-0.07,-0.02
1226800.0,-17.26,-2.09,6.04,-0.13,0.11,-0.06
1227800.0,-17.57,-3.07,5.9,-0.06,-0.14,-0.02
1228800.0,-18.18,-3.33,5.12,-0.08,0.05,-0.1
1229800.0,-17.83,-3.97,4.98,-0.01,-0.08,0.11
1230800.0,-18.79,-3.8,5.25,-0.13,-0.25,-0.01
1231800.0,-17.77,-3.36,5.34,0.06,-0.14,-0.03
1232800.0,-17.77,-3.52,5.34,-0.1,-0.05,-0.02
1233800.0,-17.97,-3.49,5.01,-0.13,-0.07,-0.02
1234800.0,-17.29,-3.7,5.27,-0.05,-0.12,0.14
1235800.0,-11.46,6.34,6.74,-0.65,0.86,-0.07
1236800.0,-14.93,4.82,-8.98,-1.69,4.37,-1.29
1237800.0,-19.61,-0.06,-3.5,-0.05,0.21,0.01
1238800.0,-11.3,7.79,5.58,-1.77,1.02,0.02
1239800.0,-5.91,-5.48,9.29,0.08,-0.25,0.16
1240800.0,-19.61,-5.91,-8.48,-1.0,0.55,1.66
1241900.0,-18.89,3.23,0.6,0.35,0.33,-1.25
1242900.0,-19.61,1.2,-2.81,0.71,0.13,0.09
1243900.0,-14.0,1.32,9.05,-0.33,-0.97,0.45
1244900.0,-17.86,1.28,6.8,0.59,1.06,-0.25
1245900.0,-19.35,3.5,-7.63,-4.37,4.37,-3.11
1246900.0,-16.36,-3.3,11.8,-1.91,-0.3,-0.1
1247900.0,-9.94,1.47,10.04,-0.53,1.12,-0.07
1248900.0,-12.15,-3.91,11.62,-0.64,-2.23,1.42
1249900.0,-9.8,-1.98,5.79,-0.49,-2.4,-2.03
1250900.0,-14.54,0.54,6.71,3.41,1.97,-0.12
1251900.0,-19.61,0.06,-2.92,0.65,0.45,0.49
1252900.0,-18.03,-0.2,-0.04,1.72,-4.37,-1.92
1253900.0,-18.99,-4.45,-3.67,0.11,0.43,0.44
1254900.0,-18.15,-5.84,-3.98,0.04,0.02,0.06
1255900.0,-16.13,-3.66,-3.72,-0.8,-1.0,-0.39
1256900.0,-17.98,-8.48,1.35,0.81,-3.11,0.54
1257900.0,-8.67,5.83,-4.98,-1.91,1.5,-1.11
1258900.0,-8.65,-2.45,11.53,-0.46,-1.64,0.69
1259900.0,-18.06,7.52,14.6,-0.11,0.06,0.96
1260900.0,-15.19,-5.16,-7.42,-0.53,-1.56,0.57
1261900.0,-19.53,-2.6,-3.61,-0.1,-0.52,0.17
1262900.0,-19.61,-2.22,1.16,-0.89,-1.04,1.26
1263900.0,-12.91,4.78,7.95,0.48,-0.17,0.3
1264900.0,-13.36,4.39,3.15,-0.02,-0.94,-0.22
1265900.0,-11.75,4.37,3.52,-4.37,-1.02,-2.18
1267000.0,-5.51,1.13,-2.59,-4.37,-3.52,-2.46
1268000.0,-19.61,-6.32,19.61,2.76,4.37,2.16
1269000.0,-19.61,-7.62,18.08,1.74,4.37,0.94
1270000.0,-13.3,1.35,5.3,1.62,4.37,1.42
1271000.0,-10.57,9.98,-5.36,1.45,0.54,2.28
1272000.0,-11.95,4.84,1.17,4.37,-1.81,3.4
1273000.0,-19.61,6.07,-3.0,-0.28,-4.37,0.59
1274000.0,-11.0,0.56,1.69,2.24,-2.07,2.58
1275000.0,-14.52,0.2,8.77,0.89,0.19,1.08
1276000.0,-13.17,1.39,5.33,0.74,2.13,0.21
1277000.0,-12.62,1.3,-2.43,-1.29,-4.37,-0.75
1278000.0,-3.38,13.66,-5.37,-4.37,2.05,-2.49
1279000.0,-9.31,6.71,-4.76,-0.51,-0.87,1.48
1280000.0,-7.23,8.52,-1.83,-4.37,-1.46,-1.85
1281000.0,-15.8,2.5,1.95,1.97,0.65,0.51
1282000.0,-12.05,2.72,8.33,0.42,0.33,-0.15
1283000.0,-17.07,5.04,5.81,0.75,-0.55,-0.59
1284000.0,-15.51,2.69,5.83,0.81,-1.42,-0.92
1285000.0,-17.37,-6.36,3.68,0.59,0.85,0.08
1286000.0,-19.61,-5.27,2.83,0.06,0.79,0.35
1287000.0,-19.61,-10.4,7.93,3.35,-3.75,3.25
1288000.0,-13.7,-3.11,8.76,-0.53,-0.72,-0.04
1289000.0,-16.58,-8.06,1.64,0.01,-0.47,-0.43
1290000.0,-7.87,-3.44,6.05,-0.29,1.94,-0.5
1291100.0,-12.02,-8.34,9.24,0.72,-0.08,0.17
1292100.0,-17.85,-9.06,0.71,-0.03,4.37,2.54
1293100.0,-19.61,-9.43,1.96,3.54,-4.12,1.14
1294100.0,-17.39,-3.43,4.47,-0.4,0.64,-0.15
1295100.0,-15.58,-7.35,3.28,0.18,-1.08,0.44
1296100.0,-13.51,-8.83,3.67,0.2,0.01,-0.02
1297100.0,-19.34,-8.37,4.54,1.08,-1.54,0.58
1298100.0,-13.87,-7.49,7.64,-0.3,-0.56,-1.27
1299100.0,-18.19,-9.73,6.04,0.89,1.48,-0.13
1300100.0,-15.9,-8.22,1.25,-0.1,0.25,-0.1
1301100.0,-18.94,-2.92,0.05,-2.44,-2.93,0.48
1302100.0,-10.09,-2.81,1.66,0.03,4.37,-2.87
1303100.0,-11.36,-3.91,8.15,0.37,-0.55,0.34
1304100.0,-12.64,-2.13,7.77,-0.37,-0.05,0.03
1305100.0,-15.54,-6.07,7.06,-0.79,3.09,0.55
1306100.0,-15.01,-5.0,-2.94,2.39,-4.37,-1.44
1307100.0,-8.43,-10.67,4.06,-4.34,-0.72,0.21
1308100.0,-13.63,-11.67,8.42,-0.5,-0.02,-0.14
1309100.0,-10.23,-7.41,3.38,0.43,3.17,1.71
1310100.0,-16.18,-9.53,7.14,0.88,-2.05,0.09
1311100.0,-12.02,-9.64,3.92,-1.83,4.33,0.2
1312100.0,-14.9,-7.17,-3.01,2.74,-2.21,-0.24
1313200.0,-12.95,-3.46,4.21,-3.09,1.23,-4.36
1314100.0,-19.61,1.48,11.02,0.04,0.93,-0.69
1315100.0,-13.26,-4.59,7.99,-1.92,-1.53,-1.46
1316100.0,-11.76,-8.43,0.94,-0.52,0.9,0.19
1317200.0,-13.39,-7.35,5.16,-0.44,-0.37,0.22
1318200.0,-9.07,-8.57,-2.34,-0.8,-2.82,-0.18
1319200.0,-17.58,-13.8,3.14,2.52,2.0,3.03
1320200.0,-16.3,2.72,-0.52,0.01,-0.84,0.09
1321200.0,-19.61,6.34,-6.99,-0.61,0.74,-0.43
1322200.0,-16.87,-8.13,-1.39,-0.06,1.12,-0.87
1323200.0,-19.61,0.85,4.46,-2.47,-0.89,2.1
1324200.0,-19.13,-0.08,5.01,-0.29,0.02,-0.07
1325200.0,-18.13,-0.8,4.72,-0.22,0.12,0.06
1326200.0,-19.61,-11.65,-12.12,0.7,1.42,-2.57
1327200.0,-15.45,-3.48,-5.15,-0.92,0.38,-0.76
1328200.0,-18.89,-2.85,7.01,0.95,-0.51,-0.4
1329200.0,-10.43,-9.62,0.57,0.09,-0.27,0.29
1330200.0,-10.8,-8.96,2.81,-1.49,1.67,-2.76
1331200.0,-9.38,-9.32,4.71,-0.4,0.87,-0.6
1332200.0,-7.14,-3.32,5.94,0.56,0.15,0.74
1333200.0,-13.6,-6.83,1.49,-2.99,2.29,-3.23
1334200.0,-8.84,-5.81,3.04,-0.8,-3.46,1.33
1335200.0,-9.66,-8.64,2.52,-2.64,-0.65,-0.21
1336200.0,-11.57,-6.74,5.86,-0.12,-1.34,1.14
1337200.0,-10.33,-8.61,-5.17,-0.62,2.34,-0.1
1338200.0,-1.36,-8.23,12.3,-0.11,-1.36,1.13
1339300.0,-10.78,-3.35,-0.43,0.42,-0.66,1.17
1340300.0,-11.9,-8.09,0.95,-0.48,-0.79,1.36
1341300.0,-16.36,-17.93,7.75,0.37,0.72,0.05
1342300.0,-19.61,-4.14,-2.19,-0.42,-0.38,0.4
1343300.0,-17.03,-7.76,-6.98,-1.15,-0.43,-1.01
1344300.0,-12.64,0.99,-4.04,-0.51,1.34,-2.07
1345300.0,-18.65,-7.9,7.5,-1.25,0.37,-0.72
1346300.0,-17.45,-3.9,5.08,-0.38,-0.73,0.19
1347300.0,-19.61,0.4,5.72,1.73,-0.87,1.93
1348300.0,-17.76,5.6,3.79,-0.03,-0.12,-0.16
1349300.0,-13.77,-0.84,9.44,0.85,-1.61,-2.94
1350300.0,-17.82,6.66,0.54,3.98,4.37,-1.77
1351300.0,-19.07,-5.62,-19.61,-4.37,-3.78,4.37
1352300.0,-19.61,0.8,-5.17,-0.35,-0.14,-0.43
1353300.0,-11.28,-5.64,-8.5,-0.97,-2.69,-2.84
1354300.0,-15.93,-3.92,5.35,0.02,-1.42,0.55
1355300.0,-19.61,-4.43,4.81,-0.37,0.04,-1.78
1356300.0,-17.09,-4.94,-1.13,1.63,0.2,-0.14
1357300.0,-13.37,-8.0,5.66,0.73,-0.31,0.29
1358300.0,-14.17,-6.7,9.08,0.54,4.21,-3.21
1359300.0,-10.54,-10.84,1.23,1.18,0.01,0.76
1360300.0,-6.94,-2.27,3.76,-0.23,2.02,-0.79
1361300.0,-11.83,-6.22,2.35,1.04,-0.08,-1.79
1362300.0,-13.12,-10.07,0.25,-0.43,-0.25,0.14
1363300.0,-13.05,-9.0,-2.01,-0.47,-0.42,-0.19
1364300.0,-14.08,-8.48,-2.82,-0.36,-0.3,0.3
1365300.0,-15.59,-7.02,-4.58,-0.37,-0.75,0.09
1366400.0,-15.67,-7.64,-3.66,-0.79,-0.95,-0.04
1367400.0,-17.39,-5.69,-3.1,-0.71,-0.45,-0.37
1368400.0,-16.35,-6.46,-4.79,0.21,0.38,0.05
1369400.0,-10.97,-4.93,-19.61,-1.3,4.37,-0.14
1370400.0,-8.51,-10.43,-10.13,4.37,2.56,4.37
1371400.0,-9.33,-8.68,-11.04,1.16,-0.42,-0.09
1372400.0,-5.69,0.96,-19.61,-4.37,0.86,-2.8
1373400.0,-10.01,-9.55,-9.88,-0.38,0.76,-0.1
1374400.0,-8.33,-6.58,-9.15,1.51,-0.87,0.77
1375400.0,-16.24,-7.88,-2.16,-3.82,4.09,-2.22
1376400.0,-10.19,-4.62,-10.13,1.91,-3.45,0.95
1377400.0,-5.24,-4.2,-19.61,-4.37,-1.01,-4.37
1378400.0,-16.1,-4.89,-6.25,0.76,0.32,0.66
1379400.0,-16.77,-5.66,-5.93,0.34,-0.84,-0.41
1380400.0,-16.73,-7.38,-1.45,0.26,-1.45,-0.2
1381400.0,-16.95,-3.17,-5.88,-0.55,1.28,0.25
1382400.0,-18.57,-3.2,-3.5,4.37,3.05,0.61
1383400.0,-18.78,1.8,-5.93,-1.61,-0.84,1.19
1384400.0,-13.35,1.23,-1.51,2.97,1.49,2.25
1385400.0,-15.35,1.33,-10.45,-0.04,-0.29,0.0
1386400.0,-19.0,-1.52,-3.85,0.56,0.04,0.23
1387400.0,-19.61,-4.7,-1.61,2.61,-1.62,1.06
1388400.0,-19.61,3.39,3.68,-0.11,0.44,-0.36
1389400.0,-19.61,-3.6,-2.27,0.76,0.11,-0.24
1390400.0,-14.76,1.0,8.04,0.45,0.66,-0.85
1391500.0,-19.31,-0.61,4.51,1.36,-0.68,0.94
1392500.0,-19.61,2.42,3.69,0.83,-0.5,-0.73
1393500.0,-19.61,0.34,0.22,-0.23,0.15,-0.12
1394500.0,-19.61,-0.66,0.74,-0.41,-0.11,-0.03
1395500.0,-19.61,-0.5,1.64,-0.06,-0.13,-0.02
1396500.0,-18.89,-0.21,2.68,-1.48,0.02,-0.03
1397500.0,-10.59,-3.3,-8.95,0.38,0.6,0.1
1398500.0,-9.03,-6.45,-11.32,-0.26,-0.72,-1.02
1399500.0,-11.99,-4.51,-8.3,-0.21,0.75,0.2
1400500.0,-14.46,19.61,19.61,-4.37,0.49,-4.0
1401500.0,-18.38,2.51,-3.3,1.36,0.26,1.91
1402500.0,-19.61,5.27,-1.3,0.55,-0.99,1.43
1403500.0,-14.22,-7.88,-0.71,2.53,-3.43,-2.99
1404500.0,-14.3,-11.32,4.99,1.28,1.02,2.19
1405500.0,-14.59,-7.78,-3.22,-3.52,-1.75,1.66
1406500.0,-16.32,-6.06,0.91,0.17,-0.54,0.55
1409700.0,-16.97,-6.95,3.9,-0.32,0.15,0.0
1409800.0,-17.63,-7.01,-2.68,0.36,-0.43,0.34
1409800.0,-13.33,-4.5,9.2,-0.75,-2.35,1.98
1410500.0,0.21,-7.5,7.38,2.28,-0.8,0.71
1411500.0,-17.92,-2.83,5.83,1.71,1.55,-2.09
1412500.0,-16.9,-8.53,7.73,-0.62,1.28,0.16
1413500.0,-18.41,-6.47,-1.58,-0.35,-0.56,-0.09
1414600.0,-13.33,-7.3,6.31,0.22,-0.08,-0.16
1415500.0,-11.37,-6.82,-6.85,0.1,-1.37,-1.36
1416500.0,-12.9,-8.2,-5.27,-0.39,-0.11,-0.14
1417600.0,-11.73,-7.15,-7.08,-0.3,0.79,0.0
1418600.0,-12.96,-4.71,9.01,1.18,-0.78,0.44
1419600.0,-16.35,-3.52,4.12,-2.7,-1.63,2.25
1420600.0,-14.5,-4.18,5.74,-1.49,-0.13,1.14
1421600.0,-10.11,-7.64,6.36,-0.94,-1.03,0.61
1422600.0,-13.8,-6.35,7.44,0.8,2.93,-3.64
1423600.0,-13.86,-2.81,8.12,0.05,-0.09,-0.13
1424600.0,-18.68,-4.86,-0.13,0.27,3.78,-0.01
1425600.0,-17.77,0.45,-3.97,-1.78,-0.4,-0.15
1426600.0,-17.18,-0.11,-8.03,-0.23,-0.78,-0.45
1427600.0,-19.61,-1.7,-3.63,-1.19,1.31,-1.44
1428600.0,-19.61,-3.25,-4.87,0.33,0.39,-1.55
1429600.0,-16.95,0.17,2.6,-0.5,-1.75,0.88
1430600.0,-18.07,-1.99,-2.48,0.87,0.01,0.27
1431600.0,-17.13,-3.35,-5.85,0.53,0.8,0.3
1432600.0,-17.29,-3.97,-6.01,-0.04,0.06,-0.23
1433600.0,-16.8,-5.43,-6.74,0.23,0.02,-0.28
1434600.0,-14.92,-2.43,-7.14,0.54,-1.08,0.02
1435600.0,-18.2,-3.15,-6.38,0.03,0.17,-0.23
1436600.0,-16.63,-4.6,-6.31,-0.19,0.43,-0.29
1437600.0,-19.61,-2.46,-2.68,0.1,-0.01,0.2
1438600.0,-17.48,-3.8,-6.9,0.0,0.04,0.12
1439600.0,-16.86,-4.4,-6.56,0.09,0.21,-0.43
1440600.0,-16.1,-3.36,-7.45,0.06,0.31,0.09
1441700.0,-16.74,-4.64,-5.85,-0.31,0.39,-0.18
1442700.0,-16.74,-6.31,-5.6,-1.42,-1.74,-0.27
1443700.0,-14.45,-6.36,-5.53,-0.44,-0.59,-0.15
1444700.0,-19.61,-3.1,-1.78,0.97,0.49,-0.83
1445700.0,-15.49,-5.46,-8.59,-0.41,0.29,-0.74
1446700.0,-16.25,-5.67,-5.8,0.67,0.54,0.06
1447700.0,-16.45,-5.7,-5.47,0.58,0.5,0.31
1448700.0,-17.73,-3.68,-5.08,-0.26,-0.99,0.37
1449700.0,-17.7,-4.69,-5.02,0.13,-0.37,-0.01
1450700.0,-12.7,-7.8,-5.39,1.53,0.24,0.35
1451700.0,-14.57,-7.6,-7.64,0.52,-0.12,-0.07
1452700.0,-18.1,-3.48,0.75,3.94,2.79,0.69
1453700.0,1.1,-1.06,-19.61,-4.37,-0.19,-1.86
1454700.0,-1.36,4.31,-19.61,-1.53,-2.89,-0.01
1455700.0,-19.61,5.37,0.36,0.07,-1.62,0.86
1456700.0,-19.61,5.7,-3.39,0.0,-1.85,-0.68
1457700.0,-18.33,3.73,-5.68,0.42,0.37,-0.32
1458700.0,-19.61,-0.24,-3.64,-0.12,0.74,-0.28
1459700.0,-17.6,-0.8,-8.05,0.02,-0.07,-0.05
1460700.0,-18.26,-3.52,-5.2,0.33,-0.57,0.59
1461700.0,-19.49,-3.64,-3.6,-0.5,0.05,0.35
1462700.0,-16.4,-2.76,-7.46,-1.67,0.28,-1.55
1463700.0,-16.3,-6.19,6.71,0.46,-0.62,0.13
1464700.0,-17.91,-4.27,-2.41,-1.43,-0.59,-0.17
1465700.0,-18.53,-3.1,-4.09,-0.76,-0.8,0.09
1466800.0,-16.37,-6.69,2.66,-0.26,-0.71,-0.5
1467800.0,-14.48,-7.74,3.74,-0.41,-0.15,0.58
1468800.0,-17.77,-6.59,4.6,1.13,0.13,0.86
1469800.0,-13.37,-4.48,-8.15,-0.58,0.06,-0.23
1470800.0,-16.11,-2.81,-8.44,-0.13,-1.36,-0.27
1471800.0,-18.37,-0.48,-1.64,-1.48,2.18,-1.51
1472800.0,-19.61,-3.96,-2.31,0.93,-0.46,0.15
1473800.0,-18.14,-4.17,-3.55,-1.25,-0.07,-0.19
1474800.0,-19.61,-5.82,-3.41,-1.98,2.66,-1.88
1475800.0,-18.94,-5.34,-7.1,-0.68,0.11,-1.04
1476800.0,-19.09,-5.77,-6.55,-1.27,3.01,-1.44
1477800.0,-13.47,-3.59,-9.2,-0.14,0.11,-0.03
1478800.0,-18.87,-4.71,-8.76,-0.15,-4.37,0.88
1479800.0,-19.61,-6.25,-2.49,1.28,-3.73,2.88
1480800.0,-14.36,-4.98,-6.65,3.11,0.97,1.57
1481800.0,-15.87,-0.8,-3.32,-0.52,-3.1,2.6
1482800.0,-19.61,-5.43,1.45,-0.7,-0.88,2.15
1483800.0,-11.42,3.96,-2.49,4.37,0.52,-1.28
1484800.0,-15.27,-1.85,-3.26,-0.97,-1.37,-0.79
1485800.0,-15.48,-0.82,-8.82,-0.9,-1.72,-0.56
1486800.0,-17.02,2.57,3.05,-2.72,-2.08,2.39
1487800.0,-13.3,-4.58,8.01,-0.3,0.82,0.5
1488800.0,-13.01,4.99,-4.51,-2.33,-1.1,-0.51
1489800.0,-18.33,7.67,-4.24,0.3,-1.79,0.13
1490800.0,-19.21,-3.64,-7.67,1.94,1.87,0.53
1491900.0,-15.99,2.32,-10.16,-3.84,0.33,-2.43
1492900.0,-16.26,1.94,-11.42,-0.46,0.77,-0.09
1493900.0,-19.61,-5.19,19.61,-4.37,-3.96,-1.89
1494900.0,-19.61,0.57,-7.93,-2.35,-3.15,-0.84
1495900.0,-19.61,-2.55,-7.68,-3.71,4.37,-2.77
1496900.0,-19.61,-2.47,-10.11,1.19,-4.37,0.91
1497900.0,-19.61,-13.18,-0.61,-4.37,4.37,-3.33
1498900.0,-17.09,-2.89,-7.11,-0.66,-2.62,0.17
1499900.0,-10.43,-4.69,-0.47,4.37,3.04,3.62
1500900.0,-19.61,2.21,-13.45,-0.44,-2.76,2.28
1501900.0,-19.61,1.57,11.64,-0.89,2.87,-1.35
1502900.0,-17.97,0.42,4.43,0.81,-0.78,-1.62
1503900.0,-19.61,-0.81,4.43,-0.73,-0.45,0.64
1504900.0,-15.71,8.36,-1.15,-1.91,-1.88,-1.22
1505900.0,-16.26,1.95,4.02,1.63,4.37,-2.27
1506900.0,-17.35,-0.45,4.47,-0.43,0.23,0.0
1507900.0,-19.61,0.83,-6.32,4.37,-4.37,1.11
1508900.0,-14.99,-7.42,10.64,-2.54,0.26,-1.32
1510000.0,-16.41,-2.54,5.49,1.51,0.19,-0.45
1510900.0,-14.55,-2.11,10.51,-1.09,1.88,-0.48
1511900.0,-19.61,1.01,-1.5,-0.07,-2.57,-0.9
1512900.0,-18.47,-4.98,7.46,3.99,-1.72,1.35
1513900.0,-19.61,0.29,0.32,0.26,-1.69,0.46
1514900.0,-17.87,-1.06,1.04,-1.56,-1.44,-1.51
1516000.0,-19.1,-0.29,-5.25,1.06,-1.29,1.7
1517000.0,-16.59,6.04,-0.2,-0.29,-0.09,0.31
1518000.0,-13.76,-5.92,6.33,0.59,-3.43,0.61
1519000.0,-19.61,-5.07,-2.52,1.23,-1.88,-0.47
1520000.0,-19.61,-0.5,2.36,-0.12,2.24,1.47
1521000.0,-19.61,1.09,-0.55,0.97,0.51,-0.11
1522000.0,-19.12,-2.06,-4.9,0.06,0.19,-0.05
1523000.0,-18.67,0.92,-3.58,0.61,-0.35,0.94
1524000.0,-18.86,2.66,-3.78,-1.48,-0.09,-0.17
1525000.0,-15.83,2.86,7.33,0.87,2.08,-0.45
1526000.0,-16.01,3.41,4.7,0.59,-1.38,-0.1
1527000.0,-14.59,-3.73,6.21,1.58,-0.45,-0.8
1528000.0,-13.59,0.31,3.44,-3.91,-3.81,-2.54
1529000.0,-11.9,-3.23,9.13,-0.37,-0.21,0.12
1530000.0,-11.15,-9.29,1.39,-0.08,-0.26,-0.27
1531000.0,-10.47,13.6,2.01,0.68,0.77,2.91
1532000.0,-14.25,1.95,-5.24,2.33,-0.64,3.03
1533000.0,-15.7,5.29,-2.0,1.81,-0.89,1.9
1534000.0,-19.61,8.75,-0.75,1.63,-1.86,1.74
1535000.0,-16.51,5.51,-3.59,2.34,-0.21,0.92
1536000.0,-19.24,-0.37,4.6,1.4,-2.25,1.01
1537100.0,-12.55,-0.35,8.82,0.26,0.27,0.01
1538000.0,-18.02,1.93,4.18,-0.1,-0.07,-0.07
1539100.0,-10.13,-4.07,9.97,-0.08,0.62,-0.11
1540100.0,-11.39,-4.49,8.17,-0.61,-0.78,0.56
1541100.0,-14.84,-3.7,7.26,0.02,0.9,-0.07
1542100.0,-15.65,-4.52,6.54,1.12,-0.4,0.72
1543100.0,-14.3,-3.89,-7.67,-0.43,-1.78,0.41
1544100.0,-19.61,-0.81,-1.42,0.97,2.24,0.06
1545100.0,-19.61,2.26,-8.94,0.74,4.37,-1.06
1546100.0,-18.11,11.55,7.3,2.47,-3.13,0.46
1547100.0,-19.41,-2.92,3.77,-0.9,-0.55,-0.52
1548100.0,-16.36,-6.91,4.54,-0.24,-0.32,0.37
1549100.0,-16.41,-6.1,5.56,-0.47,-0.84,0.57
1550100.0,-14.57,-7.47,-0.3,0.91,1.53,-0.42
1551100.0,-16.56,-4.17,3.58,2.89,1.06,0.11
1552100.0,-14.01,9.41,0.41,-0.41,-0.95,1.97
1553100.0,-16.11,4.6,5.62,-0.64,0.0,0.28
1554100.0,-13.39,6.63,-8.31,1.45,-0.63,-1.2
1555100.0,-11.21,2.12,9.12,0.0,-1.0,0.63
1556100.0,-11.65,-1.39,9.28,0.07,-0.54,0.32
1557100.0,-14.24,3.12,7.32,1.16,0.18,-1.23
1558100.0,-18.28,3.21,6.32,-0.01,-0.33,0.05
1559100.0,-18.4,5.55,6.09,-2.49,-1.84,-0.83
1560100.0,-12.86,5.87,6.62,0.74,-0.64,1.27
1561100.0,-6.57,12.45,-11.13,0.56,0.91,-1.45
1562100.0,-4.46,8.69,3.32,-2.17,-0.26,1.62
1563100.0,-13.62,7.76,4.52,-0.71,-1.52,0.25
1564100.0,-12.62,9.14,0.09,-0.95,0.23,0.68
1565100.0,-17.82,5.62,2.63,-0.11,-0.99,-0.45
1566200.0,-16.14,-3.23,13.51,3.19,-0.36,-1.56
1567200.0,-19.03,1.83,5.08,-0.16,0.06,0.13
1568200.0,-19.61,-0.67,1.24,-1.55,-0.14,1.35
1569200.0,-14.83,0.51,9.3,-0.26,-0.21,0.03
1570200.0,-17.96,1.38,-2.04,-0.89,4.37,-0.3
1571200.0,-18.08,-4.97,8.78,-0.12,0.9,0.48
1572200.0,-19.61,-5.72,6.08,3.4,1.69,2.36
1573200.0,-16.27,-2.08,5.81,-0.37,1.35,-0.49
1574200.0,-17.53,0.74,-7.64,2.04,1.82,1.1
1575200.0,-19.61,-7.54,-10.35,0.41,1.47,-0.31
1576200.0,-15.03,-9.43,-1.65,-0.24,-1.52,0.25
1577200.0,-14.83,-8.32,-3.07,-0.72,-1.28,-0.52
1578200.0,-16.1,-8.33,-1.57,0.34,-0.58,-0.2
1579200.0,-16.1,-7.35,-0.91,-1.35,-1.54,0.06
1580200.0,-15.5,-4.6,-8.29,-1.2,0.93,-1.68
1581200.0,-18.38,-3.29,4.03,-0.77,1.03,0.84
1582200.0,-19.61,-9.35,-2.33,3.07,-4.17,0.59
1583200.0,-17.75,-4.43,2.04,0.23,0.6,-1.19
1584200.0,-18.06,-9.36,3.46,1.95,1.11,-0.59
1585200.0,-17.01,-8.0,0.07,0.53,1.62,-1.42
1586200.0,-9.87,-9.83,0.76,0.13,0.5,-0.44
1587200.0,-11.55,-8.72,-3.27,-0.39,-1.19,0.25
1588200.0,-16.4,-7.28,-3.91,-0.73,-1.7,-1.52
1589200.0,-13.81,-6.76,6.45,0.29,-0.79,0.88
1590200.0,-10.65,-3.0,8.85,-0.31,-0.53,1.9
1598000.0,-14.49,-5.27,7.32,0.06,-0.2,0.11
